tag,lat,lon
Children_at_play,39.7664056,-89.6991374
Children_at_play,40.9894443,-74.1148733
Children_at_play,42.5161653,-90.7969482
Children_at_play,39.8356893,-89.5757449
Children_at_play,39.8356763,-89.5772401
Children_at_play,39.836414,-89.5769067
Children_at_play,39.8362803,-89.5755199
Children_at_play,39.8369301,-89.5761187
Children_at_play,35.0970639,-106.6007004
Children_at_play,35.0917347,-106.5980694
Children_at_play,35.092521,-106.5974956
Children_at_play,35.0930335,-106.5970071
Children_at_play,35.0989176,-106.6007143
Children_at_play,35.0932469,-106.5973526
Children_at_play,45.4274927,-122.8537514
Children_at_play,44.0523014,-123.008737
Children_at_play,39.7531104,-89.7030251
Children_at_play,39.7525352,-89.6973306
Children_at_play,39.7532453,-89.6968941
Children_at_play,42.0066928,-122.6155583
Children_at_play,39.3152398,-76.6431429
Children_at_play,39.8002642,-89.6330915
Children_at_play,39.8271077,-89.6324231
Children_at_play,39.8272364,-89.6308746
Children_at_play,39.8136709,-89.6532804
Children_at_play,39.8119998,-89.6531116
Children_at_play,39.567614,-89.6559299
Children_at_play,39.7985102,-89.6203522
Children_at_play,39.7980369,-89.6214513
Children_at_play,39.7980218,-89.6236203
Children_at_play,38.9552549,-92.2169217
Children_at_play,39.7667497,-89.7003206
Children_at_play,39.8141712,-89.6462008
Children_at_play,39.8259706,-89.7016928
Children_at_play,39.8370607,-89.5755157
Children_at_play,39.8244833,-89.6126885
Children_at_play,39.8123826,-89.6516958
Children_at_play,39.8133417,-89.6518374
Children_at_play,39.8229079,-89.7015146
Children_at_play,39.9543849,-89.5318241
Children_at_play,39.9542169,-89.5403822
Children_at_play,39.7010985,-89.7026631
Children_at_play,39.699379,-89.7026814
Children_at_play,39.7689077,-89.6993105
Children_at_play,44.0410895,-123.0969104
Children_at_play,40.8025692,-73.6607039
Children_at_play,44.0542265,-123.0040802
Children_at_play,44.0542478,-123.0087269
Children_at_play,39.863646,-86.6426758
Children_at_play,37.8998213,-122.2752836
Children_at_play,48.4526048,-123.3657038
Children_at_play,39.8356004,-89.5744224
Children_at_play,39.7707807,-89.6998471
Children_at_play,39.7556483,-89.6252093
Children_at_play,39.8157187,-89.6779675
Children_at_play,39.8181053,-89.7025645
Children_at_play,39.7483272,-89.6871767
Children_at_play,39.6779157,-89.8466091
Children_at_play,39.7917824,-89.6144905
Children_at_play,39.7937779,-89.692684
Children_at_play,39.7655485,-89.5786401
Children_at_play,39.7650656,-89.5773052
Children_at_play,39.7971264,-89.739726
Children_at_play,39.843294,-89.544647
Children_at_play,39.6845713,-89.6922181
Children_at_play,39.6846808,-89.6922533
Children_at_play,39.751304,-89.5874161
Children_at_play,42.279036,-83.2301341
Children_at_play,39.7703185,-89.7667227
Children_at_play,39.8119135,-89.6952458
Children_at_play,39.6909945,-89.711435
Children_at_play,39.7541926,-89.5849727
Children_at_play,39.7554931,-89.5765762
Children_at_play,39.8419231,-89.5440265
Children_at_play,39.6767007,-89.7197929
Children_at_play,39.7450941,-89.6165601
Children_at_play,39.7280729,-89.6527684
Children_at_play,39.7567708,-89.5365431
Children_at_play,39.6790756,-89.7043563
Children_at_play,39.8569675,-89.6735359
Children_at_play,39.6677456,-89.6809178
Children_at_play,39.7746649,-89.6307215
Children_at_play,39.8380881,-89.615871
Children_at_play,39.8034059,-89.6178166
Children_at_play,39.7676872,-89.7339637
Children_at_play,39.8390178,-89.6168922
Children_at_play,39.2974357,-84.0030737
Children_at_play,39.6929891,-89.6232355
Children_at_play,39.7652749,-89.75418
Children_at_play,39.7771701,-89.7339205
Children_at_play,39.7812265,-89.6351468
Children_at_play,43.0004374,-78.8956026
Children_at_play,39.8175412,-89.6220755
Children_at_play,39.795308,-89.7087674
Children_at_play,39.8640314,-89.5395421
Children_at_play,39.7872011,-89.691572
Children_at_play,39.8375204,-89.6232751
Children_at_play,39.8366509,-89.6246938
Children_at_play,39.8052446,-89.661522
Children_at_play,39.7895957,-89.622337
Children_at_play,39.7516817,-89.5548107
Children_at_play,39.7667035,-89.7343451
Children_at_play,39.737371,-89.6538597
Children_at_play,39.7420271,-89.6502653
Children_at_play,39.7278861,-89.6522081
Children_at_play,39.7281901,-89.6369186
Children_at_play,39.8180005,-89.6473641
Children_at_play,39.8189958,-89.6477733
Children_at_play,39.8235089,-89.6490912
Children_at_play,39.8245444,-89.6487813
Children_at_play,39.8047115,-89.7362335
Children_at_play,39.8067811,-89.732565
Children_at_play,39.8035728,-89.6972493
Children_at_play,39.804235,-89.6951554
Children_at_play,39.753392,-89.6275156
Children_at_play,39.7523967,-89.6274223
Children_at_play,39.7672627,-89.661694
Children_at_play,39.8238916,-89.624755
Children_at_play,39.6845605,-89.6960963
Children_at_play,39.6844565,-89.6953353
Children_at_play,39.684581,-89.6875967
Children_at_play,39.6846807,-89.6876072
Children_at_play,39.6849785,-89.6823696
Children_at_play,39.6729073,-89.6955915
Children_at_play,39.677702,-89.6955303
Children_at_play,39.6797393,-89.6958187
Children_at_play,39.7657938,-89.6158149
Children_at_play,39.7662508,-89.6157989
Children_at_play,39.7909879,-89.6727995
Children_at_play,39.7919563,-89.6727882
Children_at_play,39.7369402,-89.626621
Children_at_play,39.7754499,-89.6514821
Children_at_play,39.7759169,-89.651349
Children_at_play,39.7682056,-89.6292635
Children_at_play,39.7523218,-89.6509314
Children_at_play,39.8958027,-89.6049335
Children_at_play,39.8039779,-89.5265661
Children_at_play,39.7799971,-89.622246
Children_at_play,39.7837361,-89.6219653
Children_at_play,39.786852,-89.6221189
Children_at_play,39.7960368,-89.6970176
Children_at_play,39.7960136,-89.6957388
Children_at_play,39.8094877,-89.6283603
Children_at_play,39.812697,-89.62853
Children_at_play,39.813046,-89.6284052
Children_at_play,39.814526,-89.6285497
Children_at_play,39.809448,-89.626851
Children_at_play,39.8097854,-89.6253573
Children_at_play,39.8136155,-89.6186352
Children_at_play,39.7906614,-89.6223513
Children_at_play,39.8557296,-89.658344
Children_at_play,39.8557519,-89.6549723
Children_at_play,39.8546118,-89.656074
Children_at_play,39.854103,-89.6585113
Children_at_play,39.8530636,-89.6592815
Children_at_play,39.708245,-89.6156815
Children_at_play,39.7099994,-89.6148165
Children_at_play,39.7102341,-89.618644
Children_at_play,39.7128409,-89.618364
Children_at_play,39.8455138,-89.6199588
Children_at_play,39.8472175,-89.6183191
Children_at_play,39.8477033,-89.6180083
Children_at_play,39.8521042,-89.6139471
Children_at_play,39.7278502,-89.6622543
Children_at_play,39.8137878,-89.6725667
Children_at_play,39.8136673,-89.6721514
Children_at_play,39.8131811,-89.67317
Children_at_play,39.8126507,-89.6730072
Children_at_play,39.8123907,-89.6677971
Children_at_play,39.81652,-89.6532057
Children_at_play,39.7978602,-89.6778463
Children_at_play,39.7631141,-89.5785421
Children_at_play,39.8143018,-89.6571621
Children_at_play,39.7583353,-89.6138638
Children_at_play,39.7658786,-89.5829485
Children_at_play,39.7659206,-89.5799461
Children_at_play,39.7666109,-89.5827332
Children_at_play,39.7617637,-89.582558
Children_at_play,39.744032,-89.5601148
Children_at_play,39.7462959,-89.560179
Children_at_play,39.748803,-89.5597522
Children_at_play,39.7507625,-89.5598826
Children_at_play,39.8107091,-89.6638637
Children_at_play,39.9541415,-89.5462754
Children_at_play,39.8155102,-89.6667294
Children_at_play,39.8155482,-89.6662024
Children_at_play,39.7774251,-89.6546215
Children_at_play,39.7852329,-89.6282818
Children_at_play,39.7851594,-89.6274086
Children_at_play,39.8503899,-89.5779989
Children_at_play,39.7755952,-89.6568964
Children_at_play,39.7061569,-89.646966
Children_at_play,39.6939044,-89.7113303
Children_at_play,39.694504,-89.7115077
Children_at_play,39.6963396,-89.7113935
Children_at_play,39.7974314,-89.6718401
Children_at_play,39.8126913,-89.6504987
Children_at_play,39.7851383,-89.6294666
Children_at_play,39.8209502,-89.6093336
Children_at_play,39.8205823,-89.6107447
Children_at_play,39.8207906,-89.6066569
Children_at_play,39.8210825,-89.6038989
Children_at_play,39.8237924,-89.6031838
Children_at_play,39.7750488,-89.7158429
Children_at_play,39.7732044,-89.7150052
Children_at_play,39.8212252,-89.6185695
Children_at_play,39.81985,-89.6229657
Children_at_play,39.8197418,-89.6244874
Children_at_play,39.7430334,-89.6243618
Children_at_play,39.8164109,-89.6653624
Children_at_play,39.8248966,-89.616317
Children_at_play,39.7753923,-89.7011712
Children_at_play,39.775782,-89.7016955
Children_at_play,39.7767328,-89.7238297
Children_at_play,39.8414356,-89.6106517
Children_at_play,39.8425423,-89.6129129
Children_at_play,39.8418497,-89.6143987
Children_at_play,39.7725712,-89.7051365
Children_at_play,39.7727832,-89.7052996
Children_at_play,39.7728034,-89.705428
Children_at_play,39.7734345,-89.7049099
Children_at_play,39.7726768,-89.7018781
Children_at_play,39.8389379,-89.619181
Children_at_play,39.7606579,-89.6684762
Children_at_play,39.7660227,-89.6957123
Children_at_play,39.7684381,-89.6956484
Children_at_play,39.770301,-89.6958743
Children_at_play,39.7723009,-89.6380984
Children_at_play,39.7269015,-89.6125603
Children_at_play,39.7264868,-89.6121277
Children_at_play,39.8049222,-89.6336038
Children_at_play,39.8064104,-89.6148304
Children_at_play,39.8260804,-89.6122476
Children_at_play,39.8592836,-89.5441131
Children_at_play,39.7913508,-89.6936513
Children_at_play,39.749019,-89.6125226
Children_at_play,39.7491117,-89.6121061
Children_at_play,39.6807864,-89.7051236
Children_at_play,39.7809471,-89.7054684
Children_at_play,39.7804219,-89.7056196
Children_at_play,39.7510864,-89.5294419
Children_at_play,39.7705333,-89.6981671
Children_at_play,39.7705827,-89.6969925
Children_at_play,39.7709233,-89.6959998
Children_at_play,39.7711145,-89.6957718
Children_at_play,39.7728618,-89.6959411
Children_at_play,39.7771542,-89.6262702
Children_at_play,39.8162355,-89.6270656
Children_at_play,39.7601216,-89.7336161
Children_at_play,39.7613888,-89.7337692
Children_at_play,39.7623648,-89.7336603
Children_at_play,39.7633557,-89.7337984
Children_at_play,39.7380839,-89.6275528
Children_at_play,39.7381743,-89.626732
Children_at_play,39.7795819,-89.6987852
Children_at_play,39.8074359,-89.7051517
Children_at_play,39.8060188,-89.7050561
Children_at_play,39.8047211,-89.7115002
Children_at_play,39.8041509,-89.7103879
Children_at_play,39.8043801,-89.709843
Children_at_play,39.7914366,-89.6795836
Children_at_play,39.7748134,-89.7503582
Children_at_play,39.7926654,-89.6161518
Children_at_play,39.8187279,-89.6136564
Children_at_play,39.8060628,-89.6366895
Children_at_play,39.8059592,-89.6363097
Children_at_play,39.8532909,-89.2418265
Children_at_play,39.8534448,-89.239389
Children_at_play,39.8538628,-89.2391929
Children_at_play,39.8456513,-89.541538
Children_at_play,37.8981945,-122.2842843
Children_at_play,37.8981869,-122.2842365
Children_at_play,37.8935132,-122.2855823
Children_at_play,39.783499,-89.70214
Children_at_play,39.7587746,-89.671386
Children_at_play,39.7605016,-89.6752786
Children_at_play,39.7805272,-89.6920323
Children_at_play,39.7969739,-89.6933174
Children_at_play,39.7987104,-89.6957825
Children_at_play,39.7984472,-89.6960033
Children_at_play,39.7735424,-89.7022152
Children_at_play,39.5375101,-89.7583511
Children_at_play,39.538435,-89.7564157
Children_at_play,39.5392778,-89.7563418
Children_at_play,39.7522859,-89.5815316
Children_at_play,39.7676073,-89.6809273
Children_at_play,39.7995062,-89.6186038
Children_at_play,39.7837766,-89.6210799
Children_at_play,39.746324,-89.6934158
Children_at_play,39.7814507,-89.6287427
Children_at_play,39.7651839,-89.5754938
Children_at_play,39.7835832,-89.7055226
Children_at_play,39.7834518,-89.705292
Children_at_play,39.7705662,-89.7313084
Children_at_play,39.7702856,-89.7317023
Children_at_play,39.7531059,-89.6919919
Children_at_play,39.7578819,-89.69669
Children_at_play,39.7591231,-89.6907255
Children_at_play,39.8185251,-89.6220486
Children_at_play,39.8184378,-89.6217979
Children_at_play,39.7757915,-89.6917055
Children_at_play,39.7759773,-89.6931465
Children_at_play,39.7852656,-89.625121
Children_at_play,39.7851824,-89.6247422
Children_at_play,39.7609269,-89.7047845
Children_at_play,39.7617773,-89.70458
Children_at_play,39.8102046,-89.6378165
Children_at_play,39.8112399,-89.6379808
Children_at_play,39.7909649,-89.6874828
Children_at_play,39.7782352,-89.6978589
Children_at_play,39.8220569,-89.6507941
Children_at_play,39.7970186,-89.6332244
Children_at_play,39.8152261,-89.6402288
Children_at_play,39.7971715,-89.6170376
Children_at_play,39.7869386,-89.6388555
Children_at_play,39.8144294,-89.6187466
Children_at_play,39.8144755,-89.6183911
Children_at_play,39.8185714,-89.6188653
Children_at_play,39.6798642,-89.6400393
Children_at_play,39.7605138,-89.6546718
Children_at_play,39.7604879,-89.656032
Children_at_play,39.7604001,-89.6561137
Children_at_play,39.7663538,-89.6127067
Children_at_play,39.7667999,-89.6132212
Children_at_play,39.7704645,-89.7232907
Children_at_play,39.8464791,-89.6121402
Children_at_play,39.8490533,-89.6122852
Children_at_play,39.7559539,-89.5748362
Children_at_play,39.7195906,-89.634244
Children_at_play,39.7475092,-89.6291427
Children_at_play,39.7642056,-89.5775582
Children_at_play,39.7631425,-89.5767556
Children_at_play,39.7632459,-89.5754875
Children_at_play,39.7628426,-89.5780383
Children_at_play,39.7617619,-89.5865972
Children_at_play,39.6714581,-89.651491
Children_at_play,39.6716265,-89.6490252
Children_at_play,39.6723875,-89.6489534
Children_at_play,39.6729818,-89.649644
Children_at_play,39.6381329,-89.666312
Children_at_play,39.6339194,-89.6640157
Children_at_play,39.7990144,-89.7147233
Children_at_play,39.7980016,-89.7127399
Children_at_play,39.7979344,-89.7115732
Children_at_play,39.8053242,-89.7032067
Children_at_play,39.8048863,-89.7008731
Children_at_play,39.7687478,-89.7151018
Children_at_play,39.766171,-89.6207045
Children_at_play,39.7651818,-89.7002884
Children_at_play,39.766928,-89.6992742
Children_at_play,39.7632352,-89.6941954
Children_at_play,39.7602401,-89.6940205
Children_at_play,39.7997094,-89.6897564
Children_at_play,39.7586849,-89.5778219
Children_at_play,39.758769,-89.5791886
Children_at_play,39.7589692,-89.5778416
Children_at_play,39.8186489,-89.6064232
Children_at_play,39.754872,-89.6968883
Children_at_play,39.7539719,-89.6953158
Children_at_play,37.899824,-122.2752253
Children_at_play,39.7861883,-89.7026914
Children_at_play,39.7356467,-89.6518585
Children_at_play,39.7383175,-89.6519952
Children_at_play,39.7869748,-89.6325298
Children_at_play,39.7014347,-89.5921247
Children_at_play,39.7583761,-89.5858301
Children_at_play,39.7244219,-89.6351992
Children_at_play,39.7245219,-89.6363906
Children_at_play,39.7247882,-89.6374246
Children_at_play,39.810604,-89.6681672
Children_at_play,39.8354823,-89.6249086
Children_at_play,39.7610956,-89.6759911
Children_at_play,39.8013547,-89.7134442
Children_at_play,39.8545046,-89.6176535
Children_at_play,39.8507627,-89.5390163
Children_at_play,39.856244,-89.5395369
Children_at_play,39.8567526,-89.5399059
Children_at_play,39.8591521,-89.5402908
Children_at_play,39.7765782,-89.677472
Children_at_play,39.8210059,-89.6506513
Children_at_play,39.8345576,-89.6532069
Children_at_play,39.8148136,-89.6269135
Children_at_play,39.7834245,-89.6364986
Children_at_play,39.8134666,-89.6255426
Children_at_play,39.7736047,-89.6382546
Children_at_play,39.7748489,-89.6395959
Children_at_play,39.7754064,-89.6394852
Children_at_play,39.7950087,-89.6797168
Children_at_play,39.7961273,-89.6798978
Children_at_play,39.7960454,-89.6776669
Children_at_play,39.7959269,-89.6769071
Children_at_play,39.7956661,-89.6761069
Children_at_play,39.7960576,-89.6738852
Children_at_play,39.81628,-89.6828226
Children_at_play,39.8161239,-89.6809478
Children_at_play,39.8164732,-89.6792086
Children_at_play,39.7788456,-89.6570945
Children_at_play,39.7792407,-89.657158
Children_at_play,39.7678151,-89.6664942
Children_at_play,39.770557,-89.6629852
Children_at_play,39.7270932,-89.7173765
Children_at_play,39.8237992,-89.6995405
Children_at_play,39.7775642,-89.6107592
Children_at_play,39.7799262,-89.6135043
Children_at_play,39.8085463,-89.665812
Children_at_play,39.8092553,-89.6649302
Children_at_play,39.7995078,-89.676587
Children_at_play,39.7862142,-89.6572923
Children_at_play,39.7993494,-89.7236155
Children_at_play,37.8826075,-122.2615473
Children_at_play,39.8181095,-89.6572625
Children_at_play,39.782462,-89.6614184
Children_at_play,39.7605472,-89.7295396
Children_at_play,39.7926037,-89.693353
Children_at_play,39.8273387,-89.6233829
Children_at_play,39.8070492,-89.7014128
Children_at_play,39.8072607,-89.7011234
Children_at_play,39.8074378,-89.7005496
Children_at_play,39.7825855,-89.728867
Children_at_play,39.8306124,-89.6202021
Children_at_play,39.8004446,-89.6985769
Children_at_play,39.7867418,-89.6512025
Children_at_play,39.7569506,-89.688751
Children_at_play,39.7919994,-89.6704027
Children_at_play,39.7940293,-89.6705636
Children_at_play,39.7943467,-89.6704323
Children_at_play,39.776844,-89.7006681
Children_at_play,39.8260323,-89.6206676
Children_at_play,39.8309036,-89.6225594
Children_at_play,39.7671616,-89.6228647
Children_at_play,39.8010856,-89.6271345
Children_at_play,39.7795324,-89.6244601
Children_at_play,39.7802727,-89.6243392
Children_at_play,39.782884,-89.6238623
Children_at_play,39.760584,-89.616508
Children_at_play,39.753875,-89.6162499
Children_at_play,39.8244131,-89.6165408
Children_at_play,39.8243055,-89.6174554
Children_at_play,39.7711273,-89.6473191
Children_at_play,39.7807432,-89.7307447
Children_at_play,39.7816045,-89.7289235
Children_at_play,39.7792058,-89.6640437
Children_at_play,39.7721458,-89.6763025
Children_at_play,39.7771759,-89.6712218
Children_at_play,39.7786974,-89.6713536
Children_at_play,39.7826507,-89.6713101
Children_at_play,39.8124284,-89.6633818
Children_at_play,39.7835182,-89.6170422
Children_at_play,39.7613237,-89.6154651
Children_at_play,39.8112678,-89.6269959
Children_at_play,39.7713958,-89.641982
Children_at_play,39.7805833,-89.6511994
Children_at_play,39.7838476,-89.6642983
Children_at_play,39.7832813,-89.6641237
Children_at_play,39.7828481,-89.6641218
Children_at_play,39.7808495,-89.6642257
Children_at_play,39.7829725,-89.6627262
Children_at_play,39.7751277,-89.6625333
Children_at_play,39.7504581,-89.6991813
Children_at_play,39.750774,-89.6995497
Children_at_play,39.7960305,-89.6650459
Children_at_play,39.7490756,-89.7002667
Children_at_play,39.7789768,-89.6557619
Children_at_play,39.779351,-89.652963
Children_at_play,39.7820612,-89.6454581
Children_at_play,39.7691842,-89.7109541
Children_at_play,39.7946889,-89.6916927
Children_at_play,39.772987,-89.7134864
Children_at_play,39.7970102,-89.6392681
Children_at_play,39.7854027,-89.636562
Children_at_play,39.8035903,-89.7215623
Children_at_play,39.7938644,-89.6546622
Children_at_play,39.7849326,-89.6533661
Children_at_play,39.7623308,-89.6121626
Children_at_play,39.801377,-89.6694608
Children_at_play,39.801843,-89.6694449
Children_at_play,39.7975363,-89.6924406
Children_at_play,39.7554958,-89.7026812
Children_at_play,39.8122426,-89.6365894
Children_at_play,39.785922,-89.7257913
Children_at_play,39.7920878,-89.6750308
Children_at_play,39.7715048,-89.7016925
Children_at_play,39.794542,-89.6648748
Children_at_play,39.812356,-89.6650934
Children_at_play,39.8126632,-89.6649774
Children_at_play,39.8178339,-89.6558256
Children_at_play,39.7830768,-89.6549643
Children_at_play,39.6811894,-89.6395462
Children_at_play,39.7928722,-89.6962295
Children_at_play,39.7747083,-89.6874743
Children_at_play,39.7924963,-89.6590982
Children_at_play,39.7934336,-89.6589384
Children_at_play,39.8124255,-89.6475202
Children_at_play,39.8122047,-89.6461051
Children_at_play,39.8174338,-89.6606519
Children_at_play,39.6818001,-89.6811197
Children_at_play,39.7751337,-89.6596457
Children_at_play,39.7755292,-89.6595179
Children_at_play,39.8100982,-89.6344618
Children_at_play,39.817479,-89.6183855
Children_at_play,39.7995447,-89.6666433
Children_at_play,39.7529012,-89.6125764
Children_at_play,39.8140617,-89.6364587
Children_at_play,39.8097772,-89.6603681
Children_at_play,39.7842305,-89.6453972
Children_at_play,39.8003474,-89.6934167
Children_at_play,39.7998631,-89.6957616
Children_at_play,39.7940141,-89.6770566
Children_at_play,39.8949994,-89.6116857
Children_at_play,39.7825435,-89.6676206
Children_at_play,39.7573207,-89.6542341
Children_at_play,39.7938368,-89.6744521
Children_at_play,39.7924076,-89.6742575
Children_at_play,39.7935194,-89.6270874
Children_at_play,39.7935171,-89.6247621
Children_at_play,39.7588596,-89.612018
Children_at_play,39.7890313,-89.6677747
Children_at_play,39.7687197,-89.6460175
Children_at_play,39.8086463,-89.6107026
Children_at_play,39.7787465,-89.6655525
Children_at_play,39.7790355,-89.6728835
Children_at_play,39.7793055,-89.6583566
Children_at_play,39.7793124,-89.6263532
Children_at_play,39.796315,-89.6907382
Children_at_play,39.7975738,-89.6910979
Children_at_play,39.7951155,-89.6781858
Children_at_play,39.795635,-89.6867792
Children_at_play,39.7858663,-89.6367211
Children_at_play,39.8078261,-89.6650526
Children_at_play,39.8079288,-89.6639687
Children_at_play,39.7939482,-89.6757853
Children_at_play,39.7827025,-89.6456118
Children_at_play,39.7987746,-89.6777941
Children_at_play,39.782925,-89.6570541
Children_at_play,39.7934128,-89.6611619
Children_at_play,39.7825513,-89.6585835
Children_at_play,39.8246548,-89.6461614
Children_at_play,39.8256965,-89.6452308
Children_at_play,39.8236262,-89.6461035
Children_at_play,39.7964039,-89.6664325
Children_at_play,39.8113999,-89.6608963
Children_at_play,39.7941137,-89.6664993
Children_at_play,39.79402,-89.6693956
Children_at_play,39.8035707,-89.6651602
Children_at_play,39.7878243,-89.6579246
Children_at_play,39.7857992,-89.6551513
Children_at_play,39.7891674,-89.6636577
Children_at_play,39.8223325,-89.6319799
Children_at_play,39.7718192,-89.7496767
Children_at_play,39.8134221,-89.6216826
Children_at_play,39.8144398,-89.6216451
Children_at_play,39.8174226,-89.6246549
Children_at_play,39.8178109,-89.6321719
Children_at_play,39.7789063,-89.6597059
Children_at_play,39.7792846,-89.6595811
Children_at_play,39.7816478,-89.6558198
Children_at_play,39.7635216,-89.6525735
Children_at_play,39.778577,-89.7263683
Children_at_play,39.781523,-89.7250333
Children_at_play,39.7926336,-89.6199244
Children_at_play,39.7907222,-89.614601
Children_at_play,39.7714176,-89.7419495
Children_at_play,39.7765633,-89.7387895
Children_at_play,39.7761957,-89.7381328
Children_at_play,39.776182,-89.7348829
Children_at_play,39.8159355,-89.5947013
Children_at_play,39.8145558,-89.5940381
Children_at_play,39.8140837,-89.593986
Children_at_play,39.8140844,-89.5945343
Children_at_play,39.8149318,-89.5953569
Children_at_play,39.8145925,-89.5958143
Children_at_play,39.8136749,-89.5949783
Children_at_play,39.8142385,-89.5951534
Children_at_play,39.7717308,-89.6667026
Children_at_play,39.826166,-89.6178564
Children_at_play,39.7691746,-89.6471468
Children_at_play,39.7867297,-89.6762214
Children_at_play,39.8146655,-89.6705579
Children_at_play,39.8108268,-89.6164506
Children_at_play,39.7969657,-89.7437236
Children_at_play,39.810953,-89.6921509
Children_at_play,39.8103904,-89.6902938
Children_at_play,39.7575537,-89.6230209
Children_at_play,39.8354899,-89.5544086
Children_at_play,39.8292783,-89.6481655
Children_at_play,39.8306934,-89.6483017
Children_at_play,39.7460333,-89.6954359
Children_at_play,39.7571049,-89.692666
Children_at_play,39.80265,-89.676262
Children_at_play,39.8001583,-89.6693233
Children_at_play,39.8086438,-89.6136726
Children_at_play,39.8088615,-89.6127003
Children_at_play,39.8144389,-89.654833
Children_at_play,39.786912,-89.7113296
Children_at_play,39.8603417,-89.6162295
Children_at_play,39.7826809,-89.6760728
Children_at_play,39.882532,-89.6057538
Children_at_play,39.8488718,-89.5332497
Children_at_play,39.6791269,-89.6820774
Children_at_play,39.6790267,-89.680953
Children_at_play,39.8524587,-89.5410583
Children_at_play,39.7916584,-89.5347294
Children_at_play,39.7511434,-89.5519954
Children_at_play,39.7612486,-89.5816064
Children_at_play,39.7041482,-89.6203011
Children_at_play,39.8892577,-89.609577
Children_at_play,39.8524367,-89.5472857
Children_at_play,39.6724251,-89.7175538
Children_at_play,39.6819004,-89.682817
Children_at_play,39.6631799,-89.7048075
Children_at_play,39.9250878,-89.6735367
Children_at_play,39.9288152,-89.67368
Children_at_play,39.689443,-89.6369888
Children_at_play,39.8183844,-89.7069747
Children_at_play,39.6258405,-89.6721925
Children_at_play,39.6258046,-89.6699513
Children_at_play,39.6277567,-89.6667756
Children_at_play,39.6295425,-89.6667462
Children_at_play,39.9539944,-89.5341311
Children_at_play,39.953999,-89.5367428
Children_at_play,39.80979,-89.394388
Children_at_play,39.954539,-89.5409765
Children_at_play,39.8509412,-89.255163
Children_at_play,39.9540971,-89.5538126
Children_at_play,39.9531956,-89.55053
Children_at_play,39.7254408,-89.6520521
Children_at_play,39.848616,-89.545451
Children_at_play,39.8244305,-89.6912977
Children_at_play,39.8247632,-89.6905196
Children_at_play,39.7943667,-89.6698634
Children_at_play,39.7541023,-89.5808103
Children_at_play,39.7012976,-89.7016279
Children_at_play,39.697381,-89.7017931
Children_at_play,39.7467063,-89.6940481
Children_at_play,39.7667207,-89.7330714
Children_at_play,39.7668517,-89.7304941
Children_at_play,39.7400911,-89.6539931
Children_at_play,39.7169958,-89.6354346
Children_at_play,39.80203,-89.7297433
Children_at_play,39.8068158,-89.7297571
Children_at_play,39.8075606,-89.7297406
Children_at_play,39.8087744,-89.7298321
Children_at_play,39.8758305,-89.6266325
Children_at_play,39.8745467,-89.6242938
Children_at_play,39.6718751,-89.675122
Children_at_play,40.9164469,-81.0961579
Children_at_play,39.7935038,-89.7833269
Children_at_play,39.6723531,-89.6968744
Children_at_play,39.7772817,-89.6581562
Children_at_play,39.8310028,-89.6506763
Children_at_play,39.6848175,-89.639111
Children_at_play,33.9302212,-83.6357832
Children_at_play,39.8425146,-89.6069327
Children_at_play,39.7194861,-89.6712958
Children_at_play,39.7169357,-89.6676314
Children_at_play,39.7514355,-89.5842458
Children_at_play,39.6796094,-89.6997866
Children_at_play,39.6862314,-89.7132138
Children_at_play,39.6877673,-89.7130571
Children_at_play,39.6681941,-89.6765719
Children_at_play,39.6802439,-89.7016871
Children_at_play,39.682847,-89.7027438
Children_at_play,39.7525399,-89.5837477
Children_at_play,39.7535188,-89.5838929
Children_at_play,39.6948689,-89.7016361
Children_at_play,39.7831811,-89.468909
Children_at_play,39.8976095,-89.6077052
Children_at_play,39.8793399,-89.6004456
Children_at_play,39.8641753,-89.531056
Children_at_play,46.6263063,-95.0931092
Children_at_play,46.6263979,-95.0894374
Children_at_play,46.6332427,-95.0866086
Children_at_play,46.633327,-95.0854392
Children_at_play,39.7037214,-89.626768
Children_at_play,39.7714742,-89.7004003
Children_at_play,39.7722911,-89.6996927
Children_at_play,39.7578418,-89.6984757
Children_at_play,39.7571612,-89.7009601
Children_at_play,39.7889381,-89.6169448
Children_at_play,39.8087055,-89.6931912
Children_at_play,39.8094041,-89.6921684
Children_at_play,46.6288445,-95.0878847
Children_at_play,39.7499857,-89.6978779
Children_at_play,39.7518227,-89.6955499
Children_at_play,39.7696507,-89.6289001
Children_at_play,39.7707561,-89.6296322
Children_at_play,39.7999283,-89.6129989
Children_at_play,39.7603427,-89.6929945
Children_at_play,39.7606512,-89.6917732
Children_at_play,46.6305281,-95.0866834
Children_at_play,46.6305327,-95.0879647
Children_at_play,39.7774185,-89.65497
Children_at_play,39.8017768,-89.6705579
Children_at_play,39.7423187,-89.6236083
Children_at_play,39.8924073,-89.6057177
Children_at_play,39.7933227,-89.6624983
Children_at_play,39.8141858,-89.6651479
Children_at_play,39.8157678,-89.6651773
Children_at_play,39.7532858,-89.6563647
Children_at_play,39.7440786,-89.6152536
Children_at_play,39.8184044,-89.6248464
Children_at_play,39.8180519,-89.6459811
Children_at_play,39.6913046,-89.6995069
Children_at_play,39.8957851,-89.5995781
Children_at_play,39.6814678,-89.7160295
Children_at_play,39.7904007,-89.699662
Children_at_play,39.6674843,-89.6689874
Children_at_play,39.6674886,-89.6688577
Children_at_play,39.7744515,-89.6583314
Children_at_play,39.7842094,-89.6251198
Children_at_play,39.7249967,-89.6352778
Children_at_play,39.7920455,-89.6782136
Children_at_play,39.7569293,-89.6253442
Children_at_play,39.7510686,-89.6237245
Children_at_play,39.7520155,-89.6217956
Children_at_play,39.8150315,-89.636606
Children_at_play,39.7991193,-89.6616917
Children_at_play,39.799105,-89.6630543
Children_at_play,39.7959137,-89.6798635
Children_at_play,39.7719606,-89.6594613
Children_at_play,39.79293,-89.6876939
Children_at_play,39.8022771,-89.6225953
Children_at_play,39.7811214,-89.6656155
Children_at_play,39.7961011,-89.6811201
Children_at_play,39.7623059,-89.5831505
Children_at_play,39.7622502,-89.5821485
Children_at_play,39.76243,-89.5801724
Children_at_play,39.8167573,-89.6556263
Children_at_play,39.7820689,-89.7283876
Children_at_play,48.4542227,-123.4192907
Children_at_play,48.4522951,-123.4229017
Children_at_play,39.8114893,-89.6941321
Children_at_play,48.4533462,-123.3556335
Children_at_play,48.4522447,-123.3669098
Children_at_play,39.7394811,-89.6282009
Children_at_play,39.6858343,-89.7039206
Children_at_play,39.7608382,-89.6352643
Children_at_play,46.9053875,-102.4323283
Children_at_play,39.7637084,-89.6900952
Children_at_play,40.781092,-73.9622529
Children_at_play,44.4144833,-79.576984
Children_at_play,44.4146395,-79.5769056
Children_at_play,48.4480768,-123.3652888
Children_at_play,48.4478589,-123.3647114
Children_at_play,39.7506716,-89.522942
Children_at_play,39.7621281,-89.7028076
Children_at_play,39.8093155,-89.650444
Children_at_play,38.380118,-81.8253742
Children_at_play,38.3801135,-81.8253768
Children_at_play,39.7140046,-88.8005569
Children_at_play,39.7146542,-88.8015917
Children_at_play,39.7120834,-88.8034139
Children_at_play,45.5664838,-73.6415004
Children_at_play,39.7810838,-89.726533
Children_at_play,39.7717005,-89.7409426
Children_at_play,39.7485097,-89.702417
Children_at_play,39.7490712,-89.7006452
Children_at_play,39.773389,-89.7196237
Children_at_play,39.8049415,-89.6399336
Children_at_play,39.8006592,-89.7238693
Children_at_play,39.7289626,-89.9229697
Children_at_play,39.7271499,-89.9031708
Children_at_play,39.5953834,-89.7550687
Children_at_play,39.7649395,-89.5823998
Children_at_play,39.8492436,-89.2362173
Children_at_play,39.7565677,-89.7001255
Children_at_play,39.6866394,-89.6861245
Children_at_play,39.6850279,-89.7088626
Children_at_play,39.6759136,-89.7182694
Children_at_play,39.7834874,-89.6535469
Children_at_play,37.5624582,-76.3055856
Children_at_play,37.5626793,-76.308569
Children_at_play,39.7816627,-89.7002212
Children_at_play,39.7808331,-89.6968829
Children_at_play,43.8994934,-69.9786895
Children_at_play,39.7062696,-89.696913
Children_at_play,43.9047512,-69.9849446
Children_at_play,39.7714644,-89.649217
Children_at_play,39.8897642,-89.6081632
Children_at_play,49.229753,-122.0098661
