latitude,longitude,primary_road,secondary_road,description,legs,state
42.88344603,-97.39197449,DOUGLAS AVE,15TH ST W,On DOUGLAS AVE at its intersection with 15TH ST W,4,SD
45.48088719,-98.47460712,15TH AVE NE,DAKOTA ST N,On 15TH AVE NE at its intersection with DAKOTA ST N,4,SD
44.01375851,-97.52859077,WASHINGTON AVE W,MINNIE ST N,On WASHINGTON AVE W at its intersection with MINNIE ST N,4,SD
45.46210229,-98.48518593,3RD AVE SE,WASHINGTON ST S,On 3RD AVE SE at its intersection with WASHINGTON ST S,4,SD
44.00037267,-97.11985195,UNION AVE S,4TH ST SW,On UNION AVE S at its intersection with 4TH ST SW,4,SD
42.77251973,-96.90873874,CRAWFORD RD,CRESTVIEW DR,On CRAWFORD RD at its intersection with CRESTVIEW DR,4,SD
42.77928806,-96.90517321,CRAWFORD RD,MAIN ST,On CRAWFORD RD at its intersection with MAIN ST,4,SD
45.46109216,-98.48950012,1ST ST S,4TH AVE SW,On 1ST ST S at its intersection with 4TH AVE SW,4,SD
44.35618791,-98.22240335,9TH ST SW,COLORADO AVE,On 9TH ST SW at its intersection with COLORADO AVE,4,SD
42.6013401,-96.56116391,3RD ST,DIVISION ST,On 3RD ST at its intersection with DIVISION ST,4,SD
44.41448798,-103.51271047,MAIN ST,HARLEY-DAVIDSON WAY,On MAIN ST at its intersection with HARLEY-DAVIDSON WAY,4,SD
42.52737478,-96.48317106,OLD HWY 105,MAIN ST,On OLD HWY 105 at its intersection with MAIN ST,4,SD
45.46213141,-98.4792974,3RD AVE SE,STATE ST S,On 3RD AVE SE at its intersection with STATE ST S,4,SD
44.34534461,-98.22075497,18TH ST SW,MCCLELLAN DR,On 18TH ST SW at its intersection with MCCLELLAN DR,4,SD
45.7944018,-97.750516,423 AVE,5TH ST,On 423 AVE at its intersection with 5TH ST,4,SD
44.08220801,-103.29230694,44TH ST,MAIN ST W,On 44TH ST at its intersection with MAIN ST W,4,SD
45.45466854,-98.47465502,10TH AVE SE,DAKOTA ST S,On 10TH AVE SE at its intersection with DAKOTA ST S,4,SD
44.13174225,-103.07087903,ELLSWORTH RD N,LIBERTY BLVD,On ELLSWORTH RD N at its intersection with LIBERTY BLVD,4,SD
43.17057847,-96.98312892,291 ST,461 AVE,On 291 ST at its intersection with 461 AVE,4,SD
42.99590253,-97.31854897,303 ST,444 AVE,On 303 ST at its intersection with 444 AVE,4,SD
43.40275289,-96.98436557,275 ST,461 AVE,On 275 ST at its intersection with 461 AVE,4,SD
43.44608364,-96.98429909,272 ST,461 AVE,On 272 ST at its intersection with 461 AVE,4,SD
44.05288323,-103.09088987,LONG VIEW RD,RADAR HILL RD,On LONG VIEW RD at its intersection with RADAR HILL RD,4,SD
44.06737596,-103.13122898,TWILIGHT DR,RESERVOIR RD,On TWILIGHT DR at its intersection with RESERVOIR RD,4,SD
43.9762908,-103.17527672,AMBUSH RANCH RD,BLACK GAP RD,On AMBUSH RANCH RD at its intersection with BLACK GAP RD,4,SD
44.06198577,-103.09387111,PALAMINO LN,QUARTER HORSE DR,On PALAMINO LN at its intersection with QUARTER HORSE DR,4,SD
44.06078591,-103.09387506,MUSTANG LN,PALAMINO LN,On MUSTANG LN at its intersection with PALAMINO LN,4,SD
43.58748916,-96.79104882,MARION RD N,BENSON RD W,On MARION RD N at its intersection with BENSON RD W,4,SD
44.22942134,-103.23167364,ELK CREEK RD,HAINES AVE N,On ELK CREEK RD at its intersection with HAINES AVE N,4,SD
42.95207697,-97.65500236,306 ST,427 AVE,On 306 ST at its intersection with 427 AVE,4,SD
44.6591145,-97.28902604,188 ST,446 AVE,On 188 ST at its intersection with 446 AVE,4,SD
44.1523857,-96.78870397,223 ST,471 AVE,On 223 ST at its intersection with 471 AVE,4,SD
45.01151643,-101.24639077,TIOSPAYE LP,TITUMWAN LP,On TIOSPAYE LP at its intersection with TITUMWAN LP,4,SD
43.38844367,-96.82621523,276 ST,469 AVE,On 276 ST at its intersection with 469 AVE,4,SD
43.46102253,-96.84622224,271 ST,468 AVE,On 271 ST at its intersection with 468 AVE,4,SD
43.38793912,-96.58902386,276 ST,481 AVE,On 276 ST at its intersection with 481 AVE,4,SD
45.00950136,-101.24647206,OWOHE NUPA DR,TITUMWAN LP,On OWOHE NUPA DR at its intersection with TITUMWAN LP,4,SD
45.00939114,-101.24179484,OWOHE NUPA DR,TIOSPAYE LP,On OWOHE NUPA DR at its intersection with TIOSPAYE LP,4,SD
43.44646986,-96.80639949,272 ST,470 AVE,On 272 ST at its intersection with 470 AVE,4,SD
43.44645476,-96.82628979,HERITAGE PKWY,FIRST ST,On HERITAGE PKWY at its intersection with FIRST ST,4,SD
43.44640745,-96.78721044,272 ST,471 AVE,On 272 ST at its intersection with 471 AVE,4,SD
43.46058652,-96.70764663,475 AVE,271 ST,On 475 AVE at its intersection with 271 ST,4,SD
43.12722654,-96.76649536,294 ST,472 AVE,On 294 ST at its intersection with 472 AVE,4,SD
43.19680408,-98.06999083,289 ST,406 AVE,On 289 ST at its intersection with 406 AVE,4,SD
43.38820334,-96.76704265,276 ST,472 AVE,On 276 ST at its intersection with 472 AVE,4,SD
45.20838465,-96.61935874,150 ST,479 AVE,On 150 ST at its intersection with 479 AVE,4,SD
44.91912831,-97.08640285,14 AVE NE,19 ST NE,On 14 AVE NE at its intersection with 19 ST NE,4,SD
42.93793085,-96.58759416,307 ST,481 AVE,On 307 ST at its intersection with 481 AVE,4,SD
44.49947133,-97.02766982,199 ST,459 AVE,On 199 ST at its intersection with 459 AVE,4,SD
43.80494369,-98.32555888,247 ST,394 AVE,On 247 ST at its intersection with 394 AVE,4,SD
44.42700997,-97.02763608,204 ST,459 AVE,On 204 ST at its intersection with 459 AVE,4,SD
43.98944252,-97.09722047,12TH ST SE,INDUSTRY AVE S,On 12TH ST SE at its intersection with INDUSTRY AVE S,4,SD
43.01113499,-96.7858244,302 ST,471 AVE,On 302 ST at its intersection with 471 AVE,4,SD
44.22462296,-97.31105759,CLARENCE ST,EPTON AVE,On CLARENCE ST at its intersection with EPTON AVE,4,SD
43.9759116,-103.17058132,BLACK GAP RD,WILD HORSE DR,On BLACK GAP RD at its intersection with WILD HORSE DR,4,SD
44.51794812,-103.8902512,MCGUIGAN RD,OLD HWY 14,On MCGUIGAN RD at its intersection with OLD HWY 14,4,SD
44.50315094,-103.89020529,HILLSVIEW RD,MCGUIGAN RD,On HILLSVIEW RD at its intersection with MCGUIGAN RD,4,SD
43.02439444,-98.88337717,365 AVE,CLEVELAND AVE,On 365 AVE at its intersection with CLEVELAND AVE,4,SD
44.06108007,-103.14351452,COVINGTON ST,HAVEN ST,On COVINGTON ST at its intersection with HAVEN ST,4,SD
44.1256658,-103.17145001,COUNTRY RD,DYESS AVE,On COUNTRY RD at its intersection with DYESS AVE,4,SD
45.43004595,-98.41282294,135 ST,391 AVE,On 135 ST at its intersection with 391 AVE,4,SD
45.64671511,-98.20730292,120 ST,401 AVE,On 120 ST at its intersection with 401 AVE,4,SD
44.42763678,-96.88672482,204 ST,466 AVE,On 204 ST at its intersection with 466 AVE,4,SD
42.83670854,-98.05012405,314 ST,407 AVE,On 314 ST at its intersection with 407 AVE,4,SD
43.57285987,-96.81092192,263 ST,LA MESA DR,On 263 ST at its intersection with LA MESA DR,4,SD
44.47043227,-103.86589059,OAK RIDGE RD,PINE CONE AVE,On OAK RIDGE RD at its intersection with PINE CONE AVE,4,SD
43.89183042,-96.8688737,241 ST,467 AVE,On 241 ST at its intersection with 467 AVE,4,SD
43.90618894,-96.72838606,240 ST,474 AVE,On 240 ST at its intersection with 474 AVE,4,SD
45.73488987,-98.4969491,114 ST,387 AVE,On 114 ST at its intersection with 387 AVE,4,SD
44.89762111,-97.18806445,4 AVE SW,42 ST SW,On 4 AVE SW at its intersection with 42 ST SW,4,SD
45.50286015,-98.49530264,130 ST,387 AVE,On 130 ST at its intersection with 387 AVE,4,SD
44.20694102,-103.35958543,WINCHESTER CT,KIT CARSON TRL,On WINCHESTER CT at its intersection with KIT CARSON TRL,4,SD
43.94966424,-96.96932422,237 ST,462 AVE,On 237 ST at its intersection with 462 AVE,4,SD
44.25385028,-96.82855694,216 ST,469 AVE,On 216 ST at its intersection with 469 AVE,4,SD
44.15253758,-97.00928292,223 ST,460 AVE,On 223 ST at its intersection with 460 AVE,4,SD
42.95219419,-97.49672254,306 ST,435 AVE,On 306 ST at its intersection with 435 AVE,4,SD
43.70844243,-98.26581929,OLD HWY 16,397 AVE,On OLD HWY 16 at its intersection with 397 AVE,4,SD
43.02532705,-102.55993441,MAIN ST,EAGLE AVE,On MAIN ST at its intersection with EAGLE AVE,4,SD
44.28257369,-97.16935413,214 ST,452 AVE,On 214 ST at its intersection with 452 AVE,4,SD
44.47061472,-96.92765502,201 ST,464 AVE,On 201 ST at its intersection with 464 AVE,4,SD
43.32797583,-99.21809364,LUCAS RD,281 ST,On LUCAS RD at its intersection with 281 ST,4,SD
43.02655016,-102.56018222,EAGLE FEATHER ST,EAGLE RD,On EAGLE FEATHER ST at its intersection with EAGLE RD,4,SD
43.68752527,-98.02669625,SPRUCE ST E,ROWLEY ST S,On SPRUCE ST E at its intersection with ROWLEY ST S,4,SD
43.87763989,-97.51023136,242 ST,435 AVE,On 242 ST at its intersection with 435 AVE,4,SD
44.12564755,-103.19162413,143 AVE,COUNTRY RD,On 143 AVE at its intersection with COUNTRY RD,4,SD
43.46103969,-96.83633363,GATEWAY BLVD W,MAIN AVE,On GATEWAY BLVD W at its intersection with MAIN AVE,4,SD
45.00297434,-101.22968751,3RD ST,WASHINGTON ST,On 3RD ST at its intersection with WASHINGTON ST,4,SD
43.89514698,-98.13158965,241 ST,404 AVE,On 241 ST at its intersection with 404 AVE,4,SD
43.77346617,-99.18306089,350 AVE,COUNTY RD 122,On 350 AVE at its intersection with COUNTY RD 122,4,SD
43.60055286,-97.58720803,261 ST,431 AVE,On 261 ST at its intersection with 431 AVE,4,SD
45.46310826,-98.48518124,2ND AVE SE,WASHINGTON ST S,On 2ND AVE SE at its intersection with WASHINGTON ST S,4,SD
45.47379932,-98.48806458,8TH AVE NW,MAIN ST N,On 8TH AVE NW at its intersection with MAIN ST N,4,SD
43.26046088,-99.71675282,3RD ST,SULLIVAN ST,On 3RD ST at its intersection with SULLIVAN ST,4,SD
43.26152425,-99.71818646,2ND ST,CARR ST,On 2ND ST at its intersection with CARR ST,4,SD
43.54342886,-99.90189181,266 ST,313 AVE,On 266 ST at its intersection with 313 AVE,4,SD
43.28187211,-97.09230669,DAKOTA AVE,PARK BLVD,On DAKOTA AVE at its intersection with PARK BLVD,4,SD
42.88705574,-97.38714248,19TH ST E,MULBERRY ST,On 19TH ST E at its intersection with MULBERRY ST,4,SD
42.86983791,-97.39537614,3RD ST W,CEDAR ST,On 3RD ST W at its intersection with CEDAR ST,4,SD
42.86980386,-97.39381559,3RD ST W,WALNUT ST,On 3RD ST W at its intersection with WALNUT ST,4,SD
42.88344477,-97.38711448,15TH ST E,MULBERRY ST,On 15TH ST E at its intersection with MULBERRY ST,4,SD
44.18216659,-103.33811913,CASTLEWOOD DR,SAVANNAH DR,On CASTLEWOOD DR at its intersection with SAVANNAH DR,4,SD
44.23160408,-103.38910917,2ND ST,MAIN ST,On 2ND ST at its intersection with MAIN ST,4,SD
44.09301837,-103.21171258,MAPLE AVE N,VAN BUREN ST,On MAPLE AVE N at its intersection with VAN BUREN ST,4,SD
44.08355769,-103.28523485,NORDBY LN,OMAHA ST W,On NORDBY LN at its intersection with OMAHA ST W,4,SD
43.99215055,-102.23891223,GLENN ST,6TH AVE,On GLENN ST at its intersection with 6TH AVE,4,SD
43.35735697,-99.85035479,COUNTRY CLUB RD,279 ST,On COUNTRY CLUB RD at its intersection with 279 ST,4,SD
44.57481544,-96.89806193,6TH ST,BELL AVE,On 6TH ST at its intersection with BELL AVE,4,SD
45.48103494,-98.48803947,15TH AVE NE,MAIN ST N,On 15TH AVE NE at its intersection with MAIN ST N,4,SD
43.0062264,-98.06013348,2ND AVE,MAIN ST,On 2ND AVE at its intersection with MAIN ST,4,SD
43.63076507,-96.9402681,VAN DEMARK AVE,9TH ST,On VAN DEMARK AVE at its intersection with 9TH ST,4,SD
44.35617652,-98.20452585,9TH ST SE,FRANK AVE,On 9TH ST SE at its intersection with FRANK AVE,4,SD
43.64447127,-97.07387218,3RD AVE,MAIN ST,On 3RD AVE at its intersection with MAIN ST,4,SD
43.645399,-97.07387574,MAIN ST,2ND AVE,On MAIN ST at its intersection with 2ND AVE,4,SD
43.78594415,-96.93212445,5TH ST,GLENN AVE,On 5TH ST at its intersection with GLENN AVE,4,SD
43.82694116,-96.72735776,SEVENTH ST,WESTVIEW DR,On SEVENTH ST at its intersection with WESTVIEW DR,4,SD
43.11827124,-96.95696749,FLORIDA ST,LINCOLN ST,On FLORIDA ST at its intersection with LINCOLN ST,4,SD
43.78594217,-96.93068708,5TH ST,MAIN AVE,On 5TH ST at its intersection with MAIN AVE,4,SD
43.5981624,-96.58440857,PASQUE FLOWER TRL N,SWITCH GRASS TRL E,On PASQUE FLOWER TRL N at its intersection with SWITCH GRASS TRL E,4,SD
43.35528359,-96.89178291,1ST AVE,MAIN ST,On 1ST AVE at its intersection with MAIN ST,4,SD
43.35428024,-96.89174873,2ND AVE,MAIN ST,On 2ND AVE at its intersection with MAIN ST,4,SD
43.82615804,-96.70664818,GARFIELD AVE,SEVENTH ST,On GARFIELD AVE at its intersection with SEVENTH ST,4,SD
43.82713638,-96.70835476,EIGHTH ST,STATE AVE,On EIGHTH ST at its intersection with STATE AVE,4,SD
43.35059648,-96.89583503,5TH AVE,ELM ST,On 5TH AVE at its intersection with ELM ST,4,SD
43.40173703,-97.13650037,6TH ST,MAIN AVE,On 6TH ST at its intersection with MAIN AVE,4,SD
43.08514312,-97.15785799,CLARK AVE,STATE ST,On CLARK AVE at its intersection with STATE ST,4,SD
44.04995662,-103.21802744,ARIZONA ST,TEXAS ST E,On ARIZONA ST at its intersection with TEXAS ST E,4,SD
42.88706674,-97.37719789,19TH ST E,PENINAH ST,On 19TH ST E at its intersection with PENINAH ST,4,SD
42.89432261,-97.39203671,DOUGLAS AVE,23RD ST E,On DOUGLAS AVE at its intersection with 23RD ST E,4,SD
44.41349155,-103.51560447,4TH ST,SHERMAN ST,On 4TH ST at its intersection with SHERMAN ST,4,SD
44.4145298,-103.51413005,3RD ST,MAIN ST,On 3RD ST at its intersection with MAIN ST,4,SD
44.41458318,-103.51553474,4TH ST,MAIN ST,On 4TH ST at its intersection with MAIN ST,4,SD
44.23334819,-103.39062422,2ND ST,CHESTNUT ST,On 2ND ST at its intersection with CHESTNUT ST,4,SD
44.23104863,-103.39029292,3RD ST,MAIN ST,On 3RD ST at its intersection with MAIN ST,4,SD
44.06142865,-103.23014822,7TH ST,CLEVELAND ST,On 7TH ST at its intersection with CLEVELAND ST,4,SD
44.05511368,-103.21174582,FAIRMONT BLVD,MAPLE AVE,On FAIRMONT BLVD at its intersection with MAPLE AVE,4,SD
44.07917315,-103.20175811,LACROSSE ST,MAIN ST N E,On LACROSSE ST at its intersection with MAIN ST N E,4,SD
45.46411649,-98.48216354,1ST AVE SE,KLINE ST S,On 1ST AVE SE at its intersection with KLINE ST S,4,SD
45.46414615,-98.47932077,1ST AVE SE,STATE ST S,On 1ST AVE SE at its intersection with STATE ST S,4,SD
45.21558944,-96.62795028,7TH AVE E,VIOLA ST,On 7TH AVE E at its intersection with VIOLA ST,4,SD
44.07785728,-103.22795677,6TH ST,QUINCY ST,On 6TH ST at its intersection with QUINCY ST,4,SD
44.04692786,-103.21178627,CENTENNIAL ST,PARKVIEW DR,On CENTENNIAL ST at its intersection with PARKVIEW DR,4,SD
44.06452262,-103.22812954,6TH ST,FLORMANN ST,On 6TH ST at its intersection with FLORMANN ST,4,SD
44.06553476,-103.22814025,6TH ST,ST ANNE ST,On 6TH ST at its intersection with ST ANNE ST,4,SD
44.06655209,-103.22814664,6TH ST,ST FRANCIS ST,On 6TH ST at its intersection with ST FRANCIS ST,4,SD
44.07057836,-103.234244,9TH ST,FRANKLIN ST,On 9TH ST at its intersection with FRANKLIN ST,4,SD
44.07815319,-103.22980508,7TH ST,QUINCY ST,On 7TH ST at its intersection with QUINCY ST,4,SD
44.0787788,-103.23356686,9TH ST,QUINCY ST,On 9TH ST at its intersection with QUINCY ST,4,SD
42.86976912,-97.39056177,3RD ST E,CAPITOL ST,On 3RD ST E at its intersection with CAPITOL ST,4,SD
42.8698007,-97.39225524,DOUGLAS AVE,3RD ST W,On DOUGLAS AVE at its intersection with 3RD ST W,4,SD
42.86979639,-97.39210326,DOUGLAS AVE,3RD ST E,On DOUGLAS AVE at its intersection with 3RD ST E,4,SD
43.47805881,-96.77139331,82ND ST W,HUGHES AVE S,On 82ND ST W at its intersection with HUGHES AVE S,4,SD
43.45375474,-96.83623873,BRIAN ST,MAIN AVE,On BRIAN ST at its intersection with MAIN AVE,4,SD
43.35328814,-96.89173114,3RD AVE,MAIN ST,On 3RD AVE at its intersection with MAIN ST,4,SD
43.44847271,-96.83621838,APPLE ST,MAIN AVE,On APPLE ST at its intersection with MAIN AVE,4,SD
43.49640839,-96.71481991,61ST ST E,TOMAR RD S,On 61ST ST E at its intersection with TOMAR RD S,4,SD
43.35230834,-96.88892519,4TH AVE,CHERRY ST,On 4TH AVE at its intersection with CHERRY ST,4,SD
43.44173141,-96.71214249,AUGUSTANA AVE,LAURA ST,On AUGUSTANA AVE at its intersection with LAURA ST,4,SD
43.35059617,-96.89173437,5TH AVE,MAIN ST,On 5TH AVE at its intersection with MAIN ST,4,SD
43.52048781,-96.77465796,SHIRLEY AVE S,34TH ST W,On SHIRLEY AVE S at its intersection with 34TH ST W,4,SD
43.82325043,-96.70674529,FOURTH ST,GARFIELD AVE,On FOURTH ST at its intersection with GARFIELD AVE,4,SD
43.42874244,-96.69551547,GRAND AVE,MAPLE ST,On GRAND AVE at its intersection with MAPLE ST,4,SD
43.44754424,-96.83915577,MAPLE ST,POPLAR AVE,On MAPLE ST at its intersection with POPLAR AVE,4,SD
43.45374089,-96.84121207,BRIAN ST,COLE AVE,On BRIAN ST at its intersection with COLE AVE,4,SD
45.03382251,-99.12864601,COURT ST,ELEVENTH AVE S,On COURT ST at its intersection with ELEVENTH AVE S,4,SD
45.0370077,-99.12717744,ELM ST,TENTH AVE N,On ELM ST at its intersection with TENTH AVE N,4,SD
43.37184941,-99.86274321,7TH ST,LAMRO ST,On 7TH ST at its intersection with LAMRO ST,4,SD
44.41445027,-103.51130167,1ST ST,MAIN ST,On 1ST ST at its intersection with MAIN ST,4,SD
43.44361126,-96.71214749,AUGUSTANA AVE,KENT ST,On AUGUSTANA AVE at its intersection with KENT ST,4,SD
44.36563859,-100.35500896,DAKOTA AVE,PIERRE ST,On DAKOTA AVE at its intersection with PIERRE ST,4,SD
43.54940012,-96.70391673,AUSTIN ST E,HIGHLAND AVE N,On AUSTIN ST E at its intersection with HIGHLAND AVE N,4,SD
43.55848525,-96.67156728,SYCAMORE AVE N,MADISON ST E,On SYCAMORE AVE N at its intersection with MADISON ST E,4,SD
43.62303113,-96.94567372,2ND ST,MAIN AVE,On 2ND ST at its intersection with MAIN AVE,4,SD
44.31414699,-96.77830815,JACKRABBIT AVE,8TH ST,On JACKRABBIT AVE at its intersection with 8TH ST,4,SD
43.50437062,-96.79935333,53RD ST W,HOLBROOK AVE S,On 53RD ST W at its intersection with HOLBROOK AVE S,4,SD
43.50753435,-96.68134324,49TH ST E,BAHNSON AVE S,On 49TH ST E at its intersection with BAHNSON AVE S,4,SD
43.55120607,-96.73708071,6TH ST W,PRAIRIE AVE N,On 6TH ST W at its intersection with PRAIRIE AVE N,4,SD
45.21242151,-96.63728158,10TH AVE E,2ND ST,On 10TH AVE E at its intersection with 2ND ST,4,SD
45.29574229,-96.46406927,MARGARET ST,2ND AVE,On MARGARET ST at its intersection with 2ND AVE,4,SD
43.37547973,-99.85982285,3RD ST,VAN BUREN ST,On 3RD ST at its intersection with VAN BUREN ST,4,SD
45.20837244,-96.62960294,7TH ST,12TH AVE E,On 7TH ST at its intersection with 12TH AVE E,4,SD
45.4509694,-99.65228524,2 AVE,3 ST,On 2 AVE at its intersection with 3 ST,4,SD
43.80575656,-99.33237508,9TH AVE,SANBORN ST,On 9TH AVE at its intersection with SANBORN ST,4,SD
42.52641032,-96.48399314,LOUIS AVE,MAIN ST,On LOUIS AVE at its intersection with MAIN ST,4,SD
45.09064097,-97.64388276,BENTLEY AVE,MAIN ST,On BENTLEY AVE at its intersection with MAIN ST,4,SD
45.08953095,-97.64389029,3RD ST,BENTLEY AVE,On 3RD ST at its intersection with BENTLEY AVE,4,SD
43.03949071,-98.18740515,PEARL ST,WARREN AVE,On PEARL ST at its intersection with WARREN AVE,4,SD
43.54599559,-96.73989964,10TH ST W,MENLO AVE S,On 10TH ST W at its intersection with MENLO AVE S,4,SD
43.70982918,-96.50265733,DOWS ST,MAIN AVE,On DOWS ST at its intersection with MAIN AVE,4,SD
43.51007159,-96.70474539,EDGEWOOD RD E,THUNDERBIRD TRL S,On EDGEWOOD RD E at its intersection with THUNDERBIRD TRL S,4,SD
43.51477636,-96.68132137,41ST ST E,BAHNSON AVE S,On 41ST ST E at its intersection with BAHNSON AVE S,4,SD
43.5329269,-96.82260972,22ND ST W,DISCOVERY AVE S,On 22ND ST W at its intersection with DISCOVERY AVE S,4,SD
43.545962,-96.74126263,10TH ST W,GRANGE AVE S,On 10TH ST W at its intersection with GRANGE AVE S,4,SD
44.40596569,-98.47350809,ASH ST,MAPLE AVE,On ASH ST at its intersection with MAPLE AVE,4,SD
44.00808466,-97.9269415,2ND AVE,SCOLLARD ST,On 2ND AVE at its intersection with SCOLLARD ST,4,SD
44.41340747,-103.51277064,SHERMAN ST,HARLEY-DAVIDSON WAY,On SHERMAN ST at its intersection with HARLEY-DAVIDSON WAY,4,SD
43.42460106,-96.69271264,PERRY LN,TIGER ST,On PERRY LN at its intersection with TIGER ST,4,SD
45.48823635,-98.47460974,DAKOTA ST N,24TH AVE NE,On DAKOTA ST N at its intersection with 24TH AVE NE,4,SD
45.45612604,-98.49240155,3RD ST S,9TH AVE SW,On 3RD ST S at its intersection with 9TH AVE SW,4,SD
42.89067647,-97.39197361,DOUGLAS AVE,21ST ST W,On DOUGLAS AVE at its intersection with 21ST ST W,4,SD
43.54858878,-96.73710978,8TH ST W,PRAIRIE AVE N,On 8TH ST W at its intersection with PRAIRIE AVE N,4,SD
43.08161544,-96.77412344,3RD ST,HEMLOCK ST,On 3RD ST at its intersection with HEMLOCK ST,4,SD
43.02161068,-96.63245751,BROAD ST,SECOND ST,On BROAD ST at its intersection with SECOND ST,4,SD
43.88864004,-100.70901466,3RD ST,JEFFERSON AVE,On 3RD ST at its intersection with JEFFERSON AVE,4,SD
43.88764348,-100.70902513,4TH ST,JEFFERSON AVE,On 4TH ST at its intersection with JEFFERSON AVE,4,SD
43.82618148,-96.70838345,SEVENTH ST,STATE AVE,On SEVENTH ST at its intersection with STATE AVE,4,SD
43.13226259,-96.45532816,5TH ST,HARRIS ST,On 5TH ST at its intersection with HARRIS ST,4,SD
43.22163762,-96.49020505,486 AVE,LINCOLN ST,On 486 AVE at its intersection with LINCOLN ST,4,SD
43.44846936,-96.83916027,APPLE ST,POPLAR AVE,On APPLE ST at its intersection with POPLAR AVE,4,SD
43.42864901,-96.69271526,MAPLE ST,PERRY LN,On MAPLE ST at its intersection with PERRY LN,4,SD
43.35430068,-96.88897404,2ND AVE,CHERRY ST,On 2ND AVE at its intersection with CHERRY ST,4,SD
43.44340429,-96.71681582,UNITED AVE,KENT ST,On UNITED AVE at its intersection with KENT ST,4,SD
43.4255498,-96.71087684,HONEYSUCKLE DR,SHEBAL AVE,On HONEYSUCKLE DR at its intersection with SHEBAL AVE,4,SD
45.32554307,-98.49563196,MAIN ST W,CENTRAL AVENUE N,On MAIN ST W at its intersection with CENTRAL AVENUE N,4,SD
45.44435521,-99.0321789,1ST AVE,6TH ST,On 1ST AVE at its intersection with 6TH ST,4,SD
45.46312445,-98.48952874,1ST ST S,2ND AVE SW,On 1ST ST S at its intersection with 2ND AVE SW,4,SD
44.41438448,-103.50902512,JUNCTION AVE,MAIN ST,On JUNCTION AVE at its intersection with MAIN ST,4,SD
44.9078484,-97.09404746,13 ST NE,6 AVE NE,On 13 ST NE at its intersection with 6 AVE NE,4,SD
45.81053119,-100.8150804,3RD AVE W,5TH ST,On 3RD AVE W at its intersection with 5TH ST,4,SD
44.08485088,-103.20967769,HERMAN ST,NEW YORK ST E,On HERMAN ST at its intersection with NEW YORK ST E,4,SD
45.03597459,-99.12718201,PARK ST,TENTH AVE N,On PARK ST at its intersection with TENTH AVE N,4,SD
44.06763379,-103.21176796,ELM AVE,ST PATRICK ST E,On ELM AVE at its intersection with ST PATRICK ST E,4,SD
43.33031761,-96.76714849,1ST ST,LOUISE AVE,On 1ST ST at its intersection with LOUISE AVE,4,SD
45.2124953,-96.62952881,10TH AVE E,7TH ST,On 10TH AVE E at its intersection with 7TH ST,4,SD
45.21637003,-96.63442249,3RD ST,PARK AVE E,On 3RD ST at its intersection with PARK AVE E,4,SD
45.21995777,-96.63587328,MAIN ST,3RD AVE E,On MAIN ST at its intersection with 3RD AVE E,4,SD
44.70421226,-100.06447589,8TH ST,DOGWOOD AVE,On 8TH ST at its intersection with DOGWOOD AVE,4,SD
45.20834153,-96.6350289,PARK DR,12TH AVE E,On PARK DR at its intersection with 12TH AVE E,4,SD
44.90466721,-97.11867842,3 AVE NW,3 ST NW,On 3 AVE NW at its intersection with 3 ST NW,4,SD
44.92119225,-97.10117334,7 ST NE,NORTHRIDGE DR NE,On 7 ST NE at its intersection with NORTHRIDGE DR NE,4,SD
44.41858122,-103.52150818,9TH ST,WILLIAMS ST,On 9TH ST at its intersection with WILLIAMS ST,4,SD
44.413268,-103.50649596,MIDDLE ST,SHERMAN ST,On MIDDLE ST at its intersection with SHERMAN ST,4,SD
43.17365017,-101.73679391,4TH AVE,SCHOOL ST,On 4TH AVE at its intersection with SCHOOL ST,4,SD
44.44030954,-96.89187917,2ND ST,WAGNER ST,On 2ND ST at its intersection with WAGNER ST,4,SD
43.80291846,-99.33707729,13TH AVE,COURTLAND ST,On 13TH AVE at its intersection with COURTLAND ST,4,SD
45.00812665,-99.95572797,EXENE ST,KING AVE,On EXENE ST at its intersection with KING AVE,4,SD
45.01247691,-99.95420625,BLAINE AVE,EAST ST,On BLAINE AVE at its intersection with EAST ST,4,SD
45.01140879,-99.95421395,COMMERCIAL AVE,EAST ST,On COMMERCIAL AVE at its intersection with EAST ST,4,SD
44.75888446,-96.68402897,1ST ST W,4TH AVE N,On 1ST ST W at its intersection with 4TH AVE N,4,SD
45.01461976,-99.95418424,CUSTER AVE,EAST ST,On CUSTER AVE at its intersection with EAST ST,4,SD
44.00505075,-97.11541627,VAN EPS AVE N,CENTER ST W,On VAN EPS AVE N at its intersection with CENTER ST W,4,SD
44.23271704,-96.47763404,5TH ST E,BADGER ST,On 5TH ST E at its intersection with BADGER ST,4,SD
44.23506775,-96.47767737,3RD ST E,BADGER ST,On 3RD ST E at its intersection with BADGER ST,4,SD
44.65520228,-103.85368366,SUMMIT ST,STANLEY ST,On SUMMIT ST at its intersection with STANLEY ST,4,SD
43.81130798,-99.32863454,BEEBE AVE,SANBORN ST,On BEEBE AVE at its intersection with SANBORN ST,4,SD
44.64819243,-103.84193771,13TH AVE,ZIEBACH ST,On 13TH AVE at its intersection with ZIEBACH ST,4,SD
44.89668667,-97.11420428,3 AVE SE,MAPLE ST S,On 3 AVE SE at its intersection with MAPLE ST S,4,SD
43.2244955,-97.96557727,2ND ST,MAIN ST,On 2ND ST at its intersection with MAIN ST,4,SD
44.01271748,-97.52861252,MINNIE ST N,COLLEGE AVE W,On MINNIE ST N at its intersection with COLLEGE AVE W,4,SD
44.07471614,-103.14058179,AURORA DR,PATRICIA ST,On AURORA DR at its intersection with PATRICIA ST,4,SD
43.30793642,-100.65857446,MAIN ST,ROSEBUD ST,On MAIN ST at its intersection with ROSEBUD ST,4,SD
43.54541321,-97.98532198,2ND ST,ELM ST,On 2ND ST at its intersection with ELM ST,4,SD
44.08884778,-98.57089289,9TH ST,DAKOTA AVE,On 9TH ST at its intersection with DAKOTA AVE,4,SD
44.08780584,-98.57089009,8TH ST,DAKOTA AVE,On 8TH ST at its intersection with DAKOTA AVE,4,SD
45.45615031,-98.5024138,10TH ST S,9TH AVE SW,On 10TH ST S at its intersection with 9TH AVE SW,4,SD
43.08054968,-96.77409124,3RD ST,MAIN ST,On 3RD ST at its intersection with MAIN ST,4,SD
43.07838321,-96.7783971,6TH ST,ELM ST,On 6TH ST at its intersection with ELM ST,4,SD
43.07940705,-96.77842729,6TH ST,OAK ST,On 6TH ST at its intersection with OAK ST,4,SD
43.07842335,-96.77544019,4TH ST,ELM ST,On 4TH ST at its intersection with ELM ST,4,SD
43.07945273,-96.77546246,4TH ST,OAK ST,On 4TH ST at its intersection with OAK ST,4,SD
43.0783628,-96.77978247,7TH ST,ELM ST,On 7TH ST at its intersection with ELM ST,4,SD
44.4116583,-103.50627493,DOUGLAS ST,FULTON ST,On DOUGLAS ST at its intersection with FULTON ST,4,SD
44.41330857,-103.50906291,JUNCTION AVE,SHERMAN ST,On JUNCTION AVE at its intersection with SHERMAN ST,4,SD
44.9007873,-97.11619554,1 ST NW,KEMP AVE W,On 1 ST NW at its intersection with KEMP AVE W,4,SD
44.90011607,-97.11287691,MAPLE ST N,KEMP AVE E,On MAPLE ST N at its intersection with KEMP AVE E,4,SD
44.89978791,-97.111229,2 ST NE,KEMP AVE E,On 2 ST NE at its intersection with KEMP AVE E,4,SD
44.90142443,-97.11939977,KEMP AVE W,3 ST NW,On KEMP AVE W at its intersection with 3 ST NW,4,SD
43.07731612,-96.77835835,6TH ST,BIRCH ST,On 6TH ST at its intersection with BIRCH ST,4,SD
44.34526585,-98.20917524,18TH ST SE,IDAHO AVE,On 18TH ST SE at its intersection with IDAHO AVE,4,SD
43.07632907,-96.77536294,4TH ST,MAPLE ST,On 4TH ST at its intersection with MAPLE ST,4,SD
44.08672467,-98.57088154,7TH ST,DAKOTA AVE,On 7TH ST at its intersection with DAKOTA AVE,4,SD
44.08558848,-98.57089222,6TH ST,DAKOTA AVE,On 6TH ST at its intersection with DAKOTA AVE,4,SD
44.08351166,-98.57087859,4TH ST,DAKOTA AVE,On 4TH ST at its intersection with DAKOTA AVE,4,SD
43.83875318,-101.50432021,12TH AVE,LOCUST,On 12TH AVE at its intersection with LOCUST,4,SD
43.71415006,-98.48042267,1ST ST,CAMPBELL ST,On 1ST ST at its intersection with CAMPBELL ST,4,SD
44.67144634,-103.8521417,6TH AVE,STATE ST,On 6TH AVE at its intersection with STATE ST,4,SD
45.04976012,-101.59598214,CALLEN AVE,5TH ST,On CALLEN AVE at its intersection with 5TH ST,4,SD
43.5688517,-100.74549079,4TH ST E,MCKINLEY AVE N,On 4TH ST E at its intersection with MCKINLEY AVE N,4,SD
43.56883662,-100.74198439,4TH ST E,INVESTMENT AVE N,On 4TH ST E at its intersection with INVESTMENT AVE N,4,SD
43.56777567,-100.74201251,3RD ST E,INVESTMENT AVE N,On 3RD ST E at its intersection with INVESTMENT AVE N,4,SD
43.56779333,-100.74549611,3RD ST E,MCKINLEY AVE N,On 3RD ST E at its intersection with MCKINLEY AVE N,4,SD
43.75901697,-96.73128947,BULLDOG AVE,5TH ST,On BULLDOG AVE at its intersection with 5TH ST,4,SD
42.89068246,-97.38214361,21ST ST E,BURLEIGH ST,On 21ST ST E at its intersection with BURLEIGH ST,4,SD
44.17123242,-97.71156498,WAREHOUSE ST N,MAIN ST E,On WAREHOUSE ST N at its intersection with MAIN ST E,4,SD
43.08036209,-96.78624944,13TH ST SW,MAIN ST,On 13TH ST SW at its intersection with MAIN ST,4,SD
44.3779296,-103.7291257,LOWER MAIN ST,WALL ST,On LOWER MAIN ST at its intersection with WALL ST,4,SD
44.37620841,-103.73099874,SHINE ST,LOWER MAIN ST,On SHINE ST at its intersection with LOWER MAIN ST,4,SD
44.48748406,-103.86135081,CANYON ST,GRANT ST,On CANYON ST at its intersection with GRANT ST,4,SD
44.07770616,-103.23388026,9TH ST,COLUMBUS ST,On 9TH ST at its intersection with COLUMBUS ST,4,SD
44.0789443,-103.22762376,6TH ST,KANSAS CITY ST,On 6TH ST at its intersection with KANSAS CITY ST,4,SD
44.07924347,-103.22947069,7TH ST,KANSAS CITY ST,On 7TH ST at its intersection with KANSAS CITY ST,4,SD
44.90110773,-97.09655774,11 ST NE,ARROW AVE NE,On 11 ST NE at its intersection with ARROW AVE NE,4,SD
45.00000272,-101.23477999,MAIN ST S,FRONTIER AVE E,On MAIN ST S at its intersection with FRONTIER AVE E,4,SD
44.58057123,-97.20915314,BURLINGTON ST,MAIN AVE,On BURLINGTON ST at its intersection with MAIN AVE,4,SD
45.01917542,-102.04133291,2ND AVE SW,5TH ST W,On 2ND AVE SW at its intersection with 5TH ST W,4,SD
44.0772323,-103.23787911,11TH ST,SOUTH ST,On 11TH ST at its intersection with SOUTH ST,4,SD
44.07986489,-103.23323317,9TH ST,KANSAS CITY ST,On 9TH ST at its intersection with KANSAS CITY ST,4,SD
44.38463406,-97.55628988,4TH ST,INGALLS AVE,On 4TH ST at its intersection with INGALLS AVE,4,SD
44.66376225,-96.62265041,MADISON ST,MAIN ST,On MADISON ST at its intersection with MAIN ST,4,SD
44.99357438,-101.23476688,MAIN ST S,PRAIRIE RD E,On MAIN ST S at its intersection with PRAIRIE RD E,4,SD
44.3620336,-98.21244216,4TH ST SE,KANSAS AVE,On 4TH ST SE at its intersection with KANSAS AVE,4,SD
43.43217691,-103.49097262,23RD ST,LINCOLN ST,On 23RD ST at its intersection with LINCOLN ST,4,SD
43.43213483,-103.48662645,20TH ST,LINCOLN ST,On 20TH ST at its intersection with LINCOLN ST,4,SD
45.01247782,-99.95712762,BLAINE AVE,MAIN ST,On BLAINE AVE at its intersection with MAIN ST,4,SD
45.33421612,-97.51726976,2ND ST E,9TH AVE E,On 2ND ST E at its intersection with 9TH AVE E,4,SD
44.66260279,-103.84288915,12TH AVE,NATIONAL ST,On 12TH AVE at its intersection with NATIONAL ST,4,SD
44.07713312,-103.23011637,7TH ST,COLUMBUS ST,On 7TH ST at its intersection with COLUMBUS ST,4,SD
44.17119837,-97.7166088,MAIN ST E,BUELL ST N,On MAIN ST E at its intersection with BUELL ST N,4,SD
45.48092707,-98.47927741,15TH AVE NE,STATE ST N,On 15TH AVE NE at its intersection with STATE ST N,4,SD
45.47780343,-98.47928808,12TH AVE NE,STATE ST N,On 12TH AVE NE at its intersection with STATE ST N,4,SD
45.4611022,-98.48518559,4TH AVE SE,WASHINGTON ST S,On 4TH AVE SE at its intersection with WASHINGTON ST S,4,SD
45.46211851,-98.48659521,3RD AVE SE,LINCOLN ST S,On 3RD AVE SE at its intersection with LINCOLN ST S,4,SD
45.46212643,-98.4895107,1ST ST S,3RD AVE SW,On 1ST ST S at its intersection with 3RD AVE SW,4,SD
44.3078356,-96.77637772,17TH AVE,3RD ST,On 17TH AVE at its intersection with 3RD ST,4,SD
44.04942697,-96.59346766,2ND AVE E,CRESCENT ST N,On 2ND AVE E at its intersection with CRESCENT ST N,4,SD
44.92101377,-97.11127371,16 AVE NE,MAPLE ST N,On 16 AVE NE at its intersection with MAPLE ST N,4,SD
43.2989524,-103.82947045,5TH AVE,F ST,On 5TH AVE at its intersection with F ST,4,SD
44.9191996,-97.1112619,14 AVE NE,MAPLE ST N,On 14 AVE NE at its intersection with MAPLE ST N,4,SD
43.37441644,-99.86416367,4TH ST,TAFT ST,On 4TH ST at its intersection with TAFT ST,4,SD
43.37333436,-99.85687249,5TH ST,MAIN ST,On 5TH ST at its intersection with MAIN ST,4,SD
43.37335038,-99.86649001,5TH ST,PARK ST E,On 5TH ST at its intersection with PARK ST E,4,SD
43.26153254,-99.71965237,2ND ST,TAFT ST,On 2ND ST at its intersection with TAFT ST,4,SD
43.37185745,-99.85039506,7TH ST,COUNTRY CLUB RD,On 7TH ST at its intersection with COUNTRY CLUB RD,4,SD
44.90109254,-97.09407086,13 ST NE,ARROW AVE NE,On 13 ST NE at its intersection with ARROW AVE NE,4,SD
44.89822384,-97.09669495,1 AVE NE,11 ST NE,On 1 AVE NE at its intersection with 11 ST NE,4,SD
44.90464015,-97.11293043,BROADWAY ST N,3 AVE NE,On BROADWAY ST N at its intersection with 3 AVE NE,4,SD
44.34540562,-98.22939323,18TH ST SW,ARIZONA AVE,On 18TH ST SW at its intersection with ARIZONA AVE,4,SD
45.46411491,-98.4895106,1ST AVE SW,1ST ST S,On 1ST AVE SW at its intersection with 1ST ST S,4,SD
43.7153654,-98.03388972,7TH AVE W,MINNESOTA ST N,On 7TH AVE W at its intersection with MINNESOTA ST N,4,SD
44.89897915,-97.11331178,1 AVE SE,MAPLE ST S,On 1 AVE SE at its intersection with MAPLE ST S,4,SD
44.89783487,-97.1137544,2 AVE SE,MAPLE ST S,On 2 AVE SE at its intersection with MAPLE ST S,4,SD
44.91188802,-97.11120596,10 AVE NE,MAPLE ST N,On 10 AVE NE at its intersection with MAPLE ST N,4,SD
44.5227113,-98.99030369,1ST AVE W,7TH ST W,On 1ST AVE W at its intersection with 7TH ST W,4,SD
42.78852288,-96.9323309,DUKE ST,COTTAGE AVE,On DUKE ST at its intersection with COTTAGE AVE,4,SD
42.78251228,-96.92923349,CLARK ST,DAKOTA ST,On CLARK ST at its intersection with DAKOTA ST,4,SD
42.78252236,-96.91997278,CLARK ST,PLUM ST,On CLARK ST at its intersection with PLUM ST,4,SD
42.77527955,-96.91850959,LEWIS ST,WALKER ST,On LEWIS ST at its intersection with WALKER ST,4,SD
42.7835196,-96.93801105,DARTMOUTH ST,FRANKLIN ST,On DARTMOUTH ST at its intersection with FRANKLIN ST,4,SD
43.59801904,-97.28772274,EAST AVE,MAIN ST,On EAST AVE at its intersection with MAIN ST,4,SD
43.50464005,-96.82243418,53RD ST W,GRINNELL AVE S,On 53RD ST W at its intersection with GRINNELL AVE S,4,SD
45.44855084,-99.65520613,4 AVE,5 ST,On 4 AVE at its intersection with 5 ST,4,SD
43.29994316,-103.83081744,6TH AVE,E ST,On 6TH AVE at its intersection with E ST,4,SD
44.72486931,-97.02897952,3RD AVE N,HARRY ST E,On 3RD AVE N at its intersection with HARRY ST E,4,SD
44.00884533,-97.52361238,MINER ST S,MARKET AVE E,On MINER ST S at its intersection with MARKET AVE E,4,SD
44.41436608,-103.50647391,MAIN ST,MIDDLE ST,On MAIN ST at its intersection with MIDDLE ST,4,SD
44.402732,-103.52155045,DOLAN CREEK RD,MOOSE DR,On DOLAN CREEK RD at its intersection with MOOSE DR,4,SD
44.04154941,-103.16969505,MINNESOTA ST E,MARLIN DR,On MINNESOTA ST E at its intersection with MARLIN DR,4,SD
44.0416604,-103.16957297,MINNESOTA ST E,MARLIN DR,On MINNESOTA ST E at its intersection with MARLIN DR,4,SD
42.87761005,-97.41710025,CITY LIMITS RD W,9TH ST W,On CITY LIMITS RD W at its intersection with 9TH ST W,4,SD
45.66375662,-97.04962983,VETERANS AVE,MAPLE ST,On VETERANS AVE at its intersection with MAPLE ST,4,SD
45.66465747,-97.04964657,VETERANS AVE,OAK ST,On VETERANS AVE at its intersection with OAK ST,4,SD
45.40669541,-96.85647612,1ST AVE,ORDWAY ST,On 1ST AVE at its intersection with ORDWAY ST,4,SD
45.40668315,-96.85506839,GRANT AVE,ORDWAY ST,On GRANT AVE at its intersection with ORDWAY ST,4,SD
43.71348713,-98.02410782,5TH AVE E,LAWLER ST N,On 5TH AVE E at its intersection with LAWLER ST N,4,SD
45.79233633,-97.75051669,423 AVE,7TH ST,On 423 AVE at its intersection with 7TH ST,4,SD
45.01140606,-99.95716515,COMMERCIAL AVE,MAIN ST,On COMMERCIAL AVE at its intersection with MAIN ST,4,SD
45.01140434,-99.9556523,COMMERCIAL AVE,EXENE ST,On COMMERCIAL AVE at its intersection with EXENE ST,4,SD
45.01247634,-99.95566113,BLAINE AVE,EXENE ST,On BLAINE AVE at its intersection with EXENE ST,4,SD
43.77117955,-103.60632979,3RD ST N,CLAY ST,On 3RD ST N at its intersection with CLAY ST,4,SD
44.99360071,-101.23887506,WILLOW ST S,PRAIRIE RD W,On WILLOW ST S at its intersection with PRAIRIE RD W,4,SD
44.58056588,-97.21237344,MAIN AVE,PARK ST,On MAIN AVE at its intersection with PARK ST,4,SD
45.79335148,-97.75051609,423 AVE,6TH ST,On 423 AVE at its intersection with 6TH ST,4,SD
44.49216468,-103.87494669,JONAS ST,KING ST,On JONAS ST at its intersection with KING ST,4,SD
44.0148214,-97.52537131,DAKOTA ST N,PARK AVE E,On DAKOTA ST N at its intersection with PARK AVE E,4,SD
45.67103863,-97.04280127,HATLE DR,KEEBLE CIR,On HATLE DR at its intersection with KEEBLE CIR,4,SD
45.67103955,-97.04173067,HATLE DR,BIRD CIR,On HATLE DR at its intersection with BIRD CIR,4,SD
45.33311118,-96.76423572,1ST AVE,MAIN ST,On 1ST AVE at its intersection with MAIN ST,4,SD
44.62732689,-97.63729853,3RD ST,GARFIELD AVE,On 3RD ST at its intersection with GARFIELD AVE,4,SD
44.3489645,-98.22938893,15TH ST SW,ARIZONA AVE,On 15TH ST SW at its intersection with ARIZONA AVE,4,SD
44.30790449,-96.7885583,3RD ST,MEDARY AVE,On 3RD ST at its intersection with MEDARY AVE,4,SD
43.39764079,-97.13662051,2ND ST,MAIN AVE,On 2ND ST at its intersection with MAIN AVE,4,SD
44.07835333,-103.22393327,4TH ST,KANSAS CITY ST,On 4TH ST at its intersection with KANSAS CITY ST,4,SD
44.01504154,-97.09971128,DIVISION AVE N,9TH ST NE,On DIVISION AVE N at its intersection with 9TH ST NE,4,SD
42.68410321,-96.68817862,FRANKLIN ST,JEFFERSON ST,On FRANKLIN ST at its intersection with JEFFERSON ST,4,SD
42.68127607,-96.68661395,COURT ST,DUPONT ST,On COURT ST at its intersection with DUPONT ST,4,SD
44.46088052,-103.63841878,LAUREL ST,MEADE ST,On LAUREL ST at its intersection with MEADE ST,4,SD
44.32121492,-96.92172386,4TH ST,HANSINA AVE,On 4TH ST at its intersection with HANSINA AVE,4,SD
44.32117584,-96.91777427,4TH ST,LINCOLN LN,On 4TH ST at its intersection with LINCOLN LN,4,SD
44.23506502,-96.47931095,3RD ST E,ANTELOPE ST,On 3RD ST E at its intersection with ANTELOPE ST,4,SD
44.4347125,-96.64619552,HOOKER AVE,MAIN ST,On HOOKER AVE at its intersection with MAIN ST,4,SD
44.66261398,-103.84726485,9TH AVE,NATIONAL ST,On 9TH AVE at its intersection with NATIONAL ST,4,SD
44.65911714,-103.85178699,7TH AVE,STANLEY ST,On 7TH AVE at its intersection with STANLEY ST,4,SD
45.46598046,-97.38621737,132 ST,ST JOSEPH ST,On 132 ST at its intersection with ST JOSEPH ST,4,SD
45.40972575,-96.85932171,3RD AVE,MAIN ST,On 3RD AVE at its intersection with MAIN ST,4,SD
44.30059327,-96.78221315,5TH ST S,ELM AVE,On 5TH ST S at its intersection with ELM AVE,4,SD
44.17831723,-103.33660178,CASTLEWOOD DR,REMINGTON ST,On CASTLEWOOD DR at its intersection with REMINGTON ST,4,SD
45.94294459,-102.15939597,2ND ST,MAIN ST,On 2ND ST at its intersection with MAIN ST,4,SD
45.94192337,-102.15938081,3RD ST,MAIN ST,On 3RD ST at its intersection with MAIN ST,4,SD
45.9409402,-102.15937922,4TH ST,MAIN ST,On 4TH ST at its intersection with MAIN ST,4,SD
45.94093887,-102.16088941,1ST AVE W,4TH ST,On 1ST AVE W at its intersection with 4TH ST,4,SD
44.151091,-103.31866137,ELM ST W,SEEAIRE ST,On ELM ST W at its intersection with SEEAIRE ST,4,SD
44.068122,-103.25847933,ARROW ST,MT VIEW RD,On ARROW ST at its intersection with MT VIEW RD,4,SD
44.75470612,-96.68546648,5TH AVE S,5TH ST W,On 5TH AVE S at its intersection with 5TH ST W,4,SD
44.31548608,-96.79035452,9TH AVE,9TH ST,On 9TH AVE at its intersection with 9TH ST,4,SD
44.31414865,-96.78850298,8TH ST,MEDARY AVE,On 8TH ST at its intersection with MEDARY AVE,4,SD
44.30909122,-96.79863537,4TH ST,MAIN AVE,On 4TH ST at its intersection with MAIN AVE,4,SD
45.45610405,-98.51142153,16TH ST S,9TH AVE SW,On 16TH ST S at its intersection with 9TH AVE SW,4,SD
44.01498764,-97.10976043,WASHINGTON AVE N,9TH ST NE,On WASHINGTON AVE N at its intersection with 9TH ST NE,4,SD
44.00400131,-97.11400227,1ST ST SE,EGAN AVE S,On 1ST ST SE at its intersection with EGAN AVE S,4,SD
44.00612258,-97.11402397,EGAN AVE N,1ST ST NW,On EGAN AVE N at its intersection with 1ST ST NW,4,SD
44.36328852,-98.23437816,3RD ST SW,LINCOLN AVE,On 3RD ST SW at its intersection with LINCOLN AVE,4,SD
44.57678584,-96.90093298,4TH ST,DAVIS AVE,On 4TH ST at its intersection with DAVIS AVE,4,SD
44.57676958,-96.89947843,5TH ST,DAVIS AVE,On 5TH ST at its intersection with DAVIS AVE,4,SD
45.33318847,-97.52444352,3RD ST W,8TH AVE W,On 3RD ST W at its intersection with 8TH AVE W,4,SD
44.16864638,-97.71069564,TOWN RD E,WAREHOUSE ST S,On TOWN RD E at its intersection with WAREHOUSE ST S,4,SD
45.79754983,-97.75048504,2ND ST,423 AVE,On 2ND ST at its intersection with 423 AVE,4,SD
44.51711363,-98.99199942,2ND AVE W,2ND ST W,On 2ND AVE W at its intersection with 2ND ST W,4,SD
44.00524718,-97.09978568,DIVISION AVE N,CENTER ST E,On DIVISION AVE N at its intersection with CENTER ST E,4,SD
43.56672151,-100.74403147,2ND ST E,BROCK AVE N,On 2ND ST E at its intersection with BROCK AVE N,4,SD
45.00001104,-101.23189822,FRONTIER AVE E,SPRUCE ST N,On FRONTIER AVE E at its intersection with SPRUCE ST N,4,SD
43.21396842,-96.56922391,288 ST,482 AVE,On 288 ST at its intersection with 482 AVE,4,SD
43.02476133,-96.63096899,FIFTH ST,IOWA ST,On FIFTH ST at its intersection with IOWA ST,4,SD
44.31680349,-96.79035035,9TH AVE,HARVEY DUNN ST,On 9TH AVE at its intersection with HARVEY DUNN ST,4,SD
44.15111369,-103.30861451,BLACK HAWK RD,ELM ST W,On BLACK HAWK RD at its intersection with ELM ST W,4,SD
43.42233044,-103.50015781,MEADOWLARK DR,CLUBHOUSE DR,On MEADOWLARK DR at its intersection with CLUBHOUSE DR,4,SD
43.80212346,-99.33484305,13TH AVE,SANBORN ST,On 13TH AVE at its intersection with SANBORN ST,4,SD
43.81057521,-99.32912626,LAWLER AVE,SANBORN ST,On LAWLER AVE at its intersection with SANBORN ST,4,SD
44.39045573,-97.54847661,CALUMET AVE,FRONT ST,On CALUMET AVE at its intersection with FRONT ST,4,SD
43.55484398,-96.68176701,3RD ST E,BAHNSON AVE N,On 3RD ST E at its intersection with BAHNSON AVE N,4,SD
45.53540301,-100.43391154,MAIN ST S,3RD ST E,On MAIN ST S at its intersection with 3RD ST E,4,SD
44.08961252,-98.57087853,DAKOTA AVE,RAILROAD AVE,On DAKOTA AVE at its intersection with RAILROAD AVE,4,SD
43.37184163,-99.85686045,7TH ST,MAIN ST,On 7TH ST at its intersection with MAIN ST,4,SD
43.3718654,-99.86648785,7TH ST,PARK ST E,On 7TH ST at its intersection with PARK ST E,4,SD
43.37441887,-99.8598054,4TH ST,VAN BUREN ST,On 4TH ST at its intersection with VAN BUREN ST,4,SD
43.3754665,-99.86647501,3RD ST,PARK ST E,On 3RD ST at its intersection with PARK ST E,4,SD
42.77519052,-96.91541876,CATALINA AVE,LEWIS ST,On CATALINA AVE at its intersection with LEWIS ST,4,SD
42.77514958,-96.91169558,LEWIS ST,NORBECK ST,On LEWIS ST at its intersection with NORBECK ST,4,SD
42.78250945,-96.93650251,CLARK ST,WASHINGTON ST,On CLARK ST at its intersection with WASHINGTON ST,4,SD
42.78251366,-96.93502226,CLARK ST,HIGH ST,On CLARK ST at its intersection with HIGH ST,4,SD
42.78353887,-96.93502564,DARTMOUTH ST,HIGH ST,On DARTMOUTH ST at its intersection with HIGH ST,4,SD
45.54245961,-100.43392346,MAIN ST N,10TH ST E,On MAIN ST N at its intersection with 10TH ST E,4,SD
45.54246698,-100.43244519,10TH ST E,1ST AVE E,On 10TH ST E at its intersection with 1ST AVE E,4,SD
45.5424738,-100.43101137,10TH ST E,2ND AVE E,On 10TH ST E at its intersection with 2ND AVE E,4,SD
43.62196609,-96.94264951,1ST ST,FEYDER AVE,On 1ST ST at its intersection with FEYDER AVE,4,SD
43.62304972,-96.94265653,2ND ST,FEYDER AVE,On 2ND ST at its intersection with FEYDER AVE,4,SD
43.54629626,-96.62619598,WILLOW WOOD ST E,RED SPRUCE AVE N,On WILLOW WOOD ST E at its intersection with RED SPRUCE AVE N,4,SD
44.8812293,-97.73664535,4TH AVE NW,DAKOTA ST N,On 4TH AVE NW at its intersection with DAKOTA ST N,4,SD
45.44491004,-98.49526564,5TH ST S,MELGAARD RD SW,On 5TH ST S at its intersection with MELGAARD RD SW,4,SD
43.43850314,-96.69144714,PERRY LN N,LEGENDARY DR,On PERRY LN N at its intersection with LEGENDARY DR,4,SD
43.50393989,-96.82737784,53RD ST W,KLEIN AVE S,On 53RD ST W at its intersection with KLEIN AVE S,4,SD
45.44928455,-98.50049651,15TH AVE SW,9TH ST S,On 15TH AVE SW at its intersection with 9TH ST S,4,SD
45.66194818,-97.04960695,VETERANS AVE,WALNUT ST,On VETERANS AVE at its intersection with WALNUT ST,4,SD
44.14007163,-103.06066329,TOWER DR,225 ST,On TOWER DR at its intersection with 225 ST,4,SD
43.18355076,-99.28792939,7TH ST,FRANKLIN ST,On 7TH ST at its intersection with FRANKLIN ST,4,SD
43.71552971,-98.01861647,7TH AVE E,BURR ST N,On 7TH AVE E at its intersection with BURR ST N,4,SD
43.71545677,-98.02696552,7TH AVE W,ROWLEY ST N,On 7TH AVE W at its intersection with ROWLEY ST N,4,SD
44.28249003,-96.7884895,MEDARY AVE S,20TH ST S,On MEDARY AVE S at its intersection with 20TH ST S,4,SD
44.29131311,-96.81300819,SUMMIT PASS,POWDERHORN PASS,On SUMMIT PASS at its intersection with POWDERHORN PASS,4,SD
44.07744076,-103.21837844,1ST ST,KANSAS CITY ST,On 1ST ST at its intersection with KANSAS CITY ST,4,SD
44.07712494,-103.21641082,EAST BLVD,KANSAS CITY ST,On EAST BLVD at its intersection with KANSAS CITY ST,4,SD
44.07711027,-103.21624231,EAST BLVD,KANSAS CITY ST,On EAST BLVD at its intersection with KANSAS CITY ST,4,SD
45.03382369,-99.1316031,COURT ST,THIRTEENTH AVE S,On COURT ST at its intersection with THIRTEENTH AVE S,4,SD
45.02998618,-99.13157853,OAK ST,THIRTEENTH AVE S,On OAK ST at its intersection with THIRTEENTH AVE S,4,SD
42.68306047,-96.68590997,COURT ST,JEFFERSON ST,On COURT ST at its intersection with JEFFERSON ST,4,SD
42.68202726,-96.68364289,JEFFERSON ST,PEARL ST,On JEFFERSON ST at its intersection with PEARL ST,4,SD
43.51117178,-96.73364947,49TH ST W,DULUTH AVE S,On 49TH ST W at its intersection with DULUTH AVE S,4,SD
43.47518353,-96.7473046,WESTERN AVE S,85TH ST W,On WESTERN AVE S at its intersection with 85TH ST W,4,SD
42.68561105,-96.68067695,PEARL ST,PLEASANT ST,On PEARL ST at its intersection with PLEASANT ST,4,SD
45.00297969,-101.22690459,3RD ST,LINCOLN ST,On 3RD ST at its intersection with LINCOLN ST,4,SD
45.00096151,-101.22690035,1ST ST,LINCOLN ST,On 1ST ST at its intersection with LINCOLN ST,4,SD
44.89777713,-97.21862589,4 AVE SW,60 ST SW,On 4 AVE SW at its intersection with 60 ST SW,4,SD
44.99497377,-101.2184411,FOXRIDGE RD,MINI COUJOU DR,On FOXRIDGE RD at its intersection with MINI COUJOU DR,4,SD
45.05080248,-101.60163684,6TH ST,C ST,On 6TH ST at its intersection with C ST,4,SD
45.04976751,-101.60017085,5TH ST,B ST,On 5TH ST at its intersection with B ST,4,SD
45.04976715,-101.5989043,5TH ST,A ST,On 5TH ST at its intersection with A ST,4,SD
45.42704588,-101.07540263,6TH ST,E ST,On 6TH ST at its intersection with E ST,4,SD
44.40863058,-103.50632394,FULTON ST,SHEPARD ST,On FULTON ST at its intersection with SHEPARD ST,4,SD
44.2307436,-103.38826433,2ND ST,PARK ST,On 2ND ST at its intersection with PARK ST,4,SD
43.76230847,-103.60515091,1ST ST S,GORDON ST,On 1ST ST S at its intersection with GORDON ST,4,SD
44.23977427,-96.48609081,217 ST,486 AVE,On 217 ST at its intersection with 486 AVE,4,SD
44.08456206,-98.57089498,5TH ST,DAKOTA AVE,On 5TH ST at its intersection with DAKOTA AVE,4,SD
44.08249881,-98.57089147,3RD ST,DAKOTA AVE,On 3RD ST at its intersection with DAKOTA AVE,4,SD
43.30092637,-103.83079225,6TH AVE,MOGUL WAY,On 6TH AVE at its intersection with MOGUL WAY,4,SD
43.30093494,-103.83213164,7TH AVE,MOGUL WAY,On 7TH AVE at its intersection with MOGUL WAY,4,SD
43.54849502,-96.69892884,8TH ST E,LEADERS AVE N,On 8TH ST E at its intersection with LEADERS AVE N,4,SD
43.43174182,-96.76736362,273 ST,472 AVE,On 273 ST at its intersection with 472 AVE,4,SD
43.16973158,-97.2396879,291 ST,448 AVE,On 291 ST at its intersection with 448 AVE,4,SD
43.37086261,-96.98695789,DEWEY AVE,MAIN ST,On DEWEY AVE at its intersection with MAIN ST,4,SD
43.21415721,-96.68748099,288 ST,476 AVE,On 288 ST at its intersection with 476 AVE,4,SD
43.4319684,-96.82625203,273 ST,469 AVE,On 273 ST at its intersection with 469 AVE,4,SD
44.98907366,-101.24243094,UNKNOWN,WHITE TAIL DR,On UNKNOWN at its intersection with WHITE TAIL DR,4,SD
44.98536061,-101.24401442,UNKNOWN,UNKNOWN,On UNKNOWN at its intersection with UNKNOWN,4,SD
44.98640762,-101.24402695,UNKNOWN,UNKNOWN,On UNKNOWN at its intersection with UNKNOWN,4,SD
44.08223167,-103.3017856,MAIN ST W,BERRY PINE RD S,On MAIN ST W at its intersection with BERRY PINE RD S,4,SD
44.04943504,-96.59543327,2ND AVE E,WIND ST N,On 2ND AVE E at its intersection with WIND ST N,4,SD
44.0494359,-96.59149636,2ND AVE E,PRAIRIE ST N,On 2ND AVE E at its intersection with PRAIRIE ST N,4,SD
44.88004129,-97.73829464,3RD AVE NW,IDAHO ST N,On 3RD AVE NW at its intersection with IDAHO ST N,4,SD
44.88003793,-97.73663065,3RD AVE NW,DAKOTA ST N,On 3RD AVE NW at its intersection with DAKOTA ST N,4,SD
44.8788545,-97.73829196,2ND AVE NW,IDAHO ST N,On 2ND AVE NW at its intersection with IDAHO ST N,4,SD
44.8788606,-97.73663411,2ND AVE NW,DAKOTA ST N,On 2ND AVE NW at its intersection with DAKOTA ST N,4,SD
42.51384725,-96.49742696,SIOUX POINT RD,SHAY RD N,On SIOUX POINT RD at its intersection with SHAY RD N,4,SD
44.11537752,-103.11093048,WEST GATE RD,BOX ELDER RD W,On WEST GATE RD at its intersection with BOX ELDER RD W,4,SD
43.17848039,-101.73524082,3RD AVE,DOROTHY ST,On 3RD AVE at its intersection with DOROTHY ST,4,SD
44.37045706,-100.35411346,CAPITOL AVE,CENTRAL AVE,On CAPITOL AVE at its intersection with CENTRAL AVE,4,SD
43.43265856,-103.47414719,6TH ST,JENNINGS AVE,On 6TH ST at its intersection with JENNINGS AVE,4,SD
43.4310491,-103.48665961,20TH ST,JENNINGS AVE,On 20TH ST at its intersection with JENNINGS AVE,4,SD
43.43315725,-103.48441242,19TH ST,WASHINGTON ST,On 19TH ST at its intersection with WASHINGTON ST,4,SD
43.43318684,-103.48658933,20TH ST,WASHINGTON ST,On 20TH ST at its intersection with WASHINGTON ST,4,SD
42.50316338,-96.49422104,SIOUX POINT RD,DAKOTA DUNES BLVD,On SIOUX POINT RD at its intersection with DAKOTA DUNES BLVD,4,SD
42.50322968,-96.49437789,SIOUX POINT RD,DAKOTA DUNES BLVD,On SIOUX POINT RD at its intersection with DAKOTA DUNES BLVD,4,SD
44.49581154,-103.87489309,JONAS ST,OLIVER ST W,On JONAS ST at its intersection with OLIVER ST W,4,SD
45.44460081,-98.43345589,134 ST,390 AVE,On 134 ST at its intersection with 390 AVE,4,SD
43.54394526,-96.68184566,12TH ST E,BAHNSON AVE S,On 12TH ST E at its intersection with BAHNSON AVE S,4,SD
43.37548563,-99.85835587,3RD ST,MONORE ST,On 3RD ST at its intersection with MONORE ST,4,SD
43.37442415,-99.85835958,4TH ST,MONORE ST,On 4TH ST at its intersection with MONORE ST,4,SD
43.17134387,-97.08438603,BLAINE AVE,WASHINGTON ST,On BLAINE AVE at its intersection with WASHINGTON ST,4,SD
43.24164517,-97.41918675,US HWY 81,US HWY 18,On US HWY 81 at its intersection with US HWY 18,4,SD
43.3844537,-97.99557357,SD HWY 44,SD HWY 37,On SD HWY 44 at its intersection with SD HWY 37,4,SD
43.38490288,-98.40693481,US HWY 281,SD HWY 44,On US HWY 281 at its intersection with SD HWY 44,4,SD
43.40086273,-97.42081602,US HWY 81,SD HWY 44,On US HWY 81 at its intersection with SD HWY 44,4,SD
44.06876799,-99.43785447,SD HWY 47,SD HWY 249,On SD HWY 47 at its intersection with SD HWY 249,4,SD
45.79127382,-97.75056214,SD HWY 10,SD HWY 27,On SD HWY 10 at its intersection with SD HWY 27,4,SD
44.76051729,-97.38002092,SD HWY 22,MUSTANG AVE,On SD HWY 22 at its intersection with MUSTANG AVE,4,SD
44.64811395,-103.85972534,US HWY 85,SD HWY 34,On US HWY 85 at its intersection with SD HWY 34,4,SD
44.71978172,-103.42556908,US HWY 212,SD HWY 79,On US HWY 212 at its intersection with SD HWY 79,4,SD
43.08257608,-97.39891825,US HWY 81,SD HWY 46,On US HWY 81 at its intersection with SD HWY 46,4,SD
44.68119548,-103.85357708,US HWY 212,US HWY 85,On US HWY 212 at its intersection with US HWY 85,4,SD
43.82344711,-96.71990113,SD HWY 115,FOURTH ST,On SD HWY 115 at its intersection with FOURTH ST,4,SD
43.52620874,-96.66744647,ALPINE AVE S,BELMONT ST E,On ALPINE AVE S at its intersection with BELMONT ST E,4,SD
43.38599444,-99.43524679,SD HWY 44,SD HWY 47,On SD HWY 44 at its intersection with SD HWY 47,4,SD
43.39965891,-97.13656573,SD HWY 44,MAIN AVE,On SD HWY 44 at its intersection with MAIN AVE,4,SD
44.51826786,-98.98867579,US HWY 14,SD HWY 45,On US HWY 14 at its intersection with SD HWY 45,4,SD
43.54323404,-97.3878402,US HWY 81,SD HWY 42,On US HWY 81 at its intersection with SD HWY 42,4,SD
43.17028593,-97.08157001,SD HWY 19,PARK AVE,On SD HWY 19 at its intersection with PARK AVE,4,SD
45.50742209,-100.03221006,SD HWY 130,MAIN ST,On SD HWY 130 at its intersection with MAIN ST,4,SD
44.70685599,-100.44679893,SD HWY 1804,185 ST,On SD HWY 1804 at its intersection with 185 ST,4,SD
44.00727084,-97.12934034,US HWY 81,SD HWY 34,On US HWY 81 at its intersection with SD HWY 34,4,SD
44.07914885,-98.98649175,SD HWY 34,SD HWY 45,On SD HWY 34 at its intersection with SD HWY 45,4,SD
44.06763916,-98.4517955,US HWY 281,SD HWY 34,On US HWY 281 at its intersection with SD HWY 34,4,SD
44.31028178,-96.79860619,5TH ST,MAIN AVE,On 5TH ST at its intersection with MAIN AVE,4,SD
43.02160658,-96.63095314,IOWA ST,SECOND ST,On IOWA ST at its intersection with SECOND ST,4,SD
44.29230009,-96.78856573,12TH ST S,MEDARY AVE,On 12TH ST S at its intersection with MEDARY AVE,4,SD
44.29224504,-96.78351715,12TH ST S,CHRISTINE AVE,On 12TH ST S at its intersection with CHRISTINE AVE,4,SD
44.35615343,-98.20917801,9TH ST SE,IDAHO AVE,On 9TH ST SE at its intersection with IDAHO AVE,4,SD
44.30153003,-96.77725791,17TH AVE,ORCHARD DR,On 17TH AVE at its intersection with ORCHARD DR,4,SD
42.77940551,-96.91994881,MAIN ST,PLUM ST,On MAIN ST at its intersection with PLUM ST,4,SD
45.46609885,-97.39338505,133 ST,MAIN ST,On 133 ST at its intersection with MAIN ST,4,SD
44.65570317,-103.85123898,7TH AVE,SUMMIT ST,On 7TH AVE at its intersection with SUMMIT ST,4,SD
44.67146389,-103.84926015,8TH AVE,STATE ST,On 8TH AVE at its intersection with STATE ST,4,SD
44.00507851,-97.11402517,EGAN AVE N,CENTER ST W,On EGAN AVE N at its intersection with CENTER ST W,4,SD
43.71548672,-98.02414835,7TH AVE E,LAWLER ST N,On 7TH AVE E at its intersection with LAWLER ST N,4,SD
44.36956359,-100.3473567,BROADWAY AVE,HIGHLAND AVE,On BROADWAY AVE at its intersection with HIGHLAND AVE,4,SD
44.9122085,-97.18830867,42 ST NW,GOLF COURSE RD,On 42 ST NW at its intersection with GOLF COURSE RD,4,SD
44.0860835,-103.18085061,PHILADELPHIA ST E,ANAMOSA ST E,On PHILADELPHIA ST E at its intersection with ANAMOSA ST E,4,SD
44.03718445,-103.16799121,CAYMUS DR,PAHLMEYER DR,On CAYMUS DR at its intersection with PAHLMEYER DR,4,SD
43.46104008,-96.83618532,GATEWAY BLVD W,MAIN AVE,On GATEWAY BLVD W at its intersection with MAIN AVE,4,SD
44.28890431,-96.79371216,15TH ST S,7TH AVE S,On 15TH ST S at its intersection with 7TH AVE S,4,SD
43.37548092,-99.86274942,3RD ST,LAMRO ST,On 3RD ST at its intersection with LAMRO ST,4,SD
43.72735102,-97.59411519,FIFTH ST,MAIN ST,On FIFTH ST at its intersection with MAIN ST,4,SD
42.87244105,-97.39373146,5TH ST W,WALNUT ST,On 5TH ST W at its intersection with WALNUT ST,4,SD
43.02488191,-97.27910271,301 ST,446 AVE,On 301 ST at its intersection with 446 AVE,4,SD
42.51009652,-96.50186179,FLURIE RD,SHAY RD N,On FLURIE RD at its intersection with SHAY RD N,4,SD
42.76463522,-96.70746091,319 ST,475 AVE,On 319 ST at its intersection with 475 AVE,4,SD
42.48903527,-96.48476106,SAWGRASS TRL E,PEBBLE BEACH DR,On SAWGRASS TRL E at its intersection with PEBBLE BEACH DR,4,SD
43.29684881,-98.0326009,282 ST,408 AVE,On 282 ST at its intersection with 408 AVE,4,SD
44.49270249,-103.80744157,AIRPORT RD,LOOKOUT MOUNTAIN RD,On AIRPORT RD at its intersection with LOOKOUT MOUNTAIN RD,4,SD
44.26816918,-96.747886,32ND ST S,34TH AVE S,On 32ND ST S at its intersection with 34TH AVE S,4,SD
42.88424548,-97.16069973,311 ST,452 AVE,On 311 ST at its intersection with 452 AVE,4,SD
43.70250937,-97.18904497,254 ST,451 AVE,On 254 ST at its intersection with 451 AVE,4,SD
43.7464768,-98.94981572,2ND ST,BRADFORD ST,On 2ND ST at its intersection with BRADFORD ST,4,SD
44.3182327,-103.79444756,GRAVEL PIT PL,RUBYS WAY,On GRAVEL PIT PL at its intersection with RUBYS WAY,4,SD
43.38618772,-98.84054372,5TH ST,OHIO AVE,On 5TH ST at its intersection with OHIO AVE,4,SD
43.38620655,-98.83919639,5TH ST,ILLINOIS AVE,On 5TH ST at its intersection with ILLINOIS AVE,4,SD
43.38720533,-98.83918782,4TH ST,ILLINOIS AVE,On 4TH ST at its intersection with ILLINOIS AVE,4,SD
43.38720906,-98.83781164,4TH ST,IOWA AVE,On 4TH ST at its intersection with IOWA AVE,4,SD
43.32090895,-98.34933553,4TH ST,MATHEWS AVE,On 4TH ST at its intersection with MATHEWS AVE,4,SD
43.30809198,-96.58211801,LYNN ST,SANBORN ST,On LYNN ST at its intersection with SANBORN ST,4,SD
43.30357895,-96.58349352,2ND ST,KIDDER ST,On 2ND ST at its intersection with KIDDER ST,4,SD
43.30534951,-96.59149126,BROADWAY ST,MAPLE ST,On BROADWAY ST at its intersection with MAPLE ST,4,SD
43.30444284,-96.59025261,LINCOLN ST,1ST ST,On LINCOLN ST at its intersection with 1ST ST,4,SD
43.29903847,-96.59519748,7TH ST,BARTLETT ST,On 7TH ST at its intersection with BARTLETT ST,4,SD
43.30629113,-96.58348517,ELDER ST,KIDDER ST,On ELDER ST at its intersection with KIDDER ST,4,SD
43.60527849,-97.6211579,4TH AVE,4TH ST,On 4TH AVE at its intersection with 4TH ST,4,SD
42.99123218,-97.86824212,16TH AVE W,FIR ST,On 16TH AVE W at its intersection with FIR ST,4,SD
43.56024565,-96.75624058,BROOKINGS ST W,ELMWOOD AVE N,On BROOKINGS ST W at its intersection with ELMWOOD AVE N,4,SD
43.30172397,-96.59024561,4TH ST,LINCOLN ST,On 4TH ST at its intersection with LINCOLN ST,4,SD
43.07745119,-98.95042945,BIRDSELL ST,FIRST AVE NORTH,On BIRDSELL ST at its intersection with FIRST AVE NORTH,4,SD
43.65342484,-97.78002475,4TH ST,CHERRY ST,On 4TH ST at its intersection with CHERRY ST,4,SD
43.72072689,-98.02705528,12TH AVE W,ROWLEY ST N,On 12TH AVE W at its intersection with ROWLEY ST N,4,SD
43.2524641,-98.69975314,FOURTH ST,WISCONSIN AVE,On FOURTH ST at its intersection with WISCONSIN AVE,4,SD
43.25244624,-98.698412,FOURTH ST,MICHIGAN AVE,On FOURTH ST at its intersection with MICHIGAN AVE,4,SD
43.23225298,-99.43080085,6TH ST,MAIN ST,On 6TH ST at its intersection with MAIN ST,4,SD
44.48853684,-103.85386626,GRANT ST,STATE ST,On GRANT ST at its intersection with STATE ST,4,SD
43.30354206,-96.59149433,2ND ST,BROADWAY ST,On 2ND ST at its intersection with BROADWAY ST,4,SD
43.65442698,-97.78000792,5TH ST,CHERRY ST,On 5TH ST at its intersection with CHERRY ST,4,SD
42.52299963,-96.48949427,CAMPBELL ST,MELROSE AVE,On CAMPBELL ST at its intersection with MELROSE AVE,4,SD
44.47077566,-103.80679353,32ND ST,7TH AVE,On 32ND ST at its intersection with 7TH AVE,4,SD
44.46524427,-103.79253405,ELKHORN PEAK LN,ROUGHLOCK LN,On ELKHORN PEAK LN at its intersection with ROUGHLOCK LN,4,SD
43.2388175,-99.43161668,12TH ST,PARK CIR,On 12TH ST at its intersection with PARK CIR,4,SD
43.30176864,-96.5939534,4TH ST,CEDAR ST,On 4TH ST at its intersection with CEDAR ST,4,SD
43.30808404,-96.58485796,GRANT ST,LYNN ST,On GRANT ST at its intersection with LYNN ST,4,SD
43.306278,-96.59274036,ELDER ST,MAIN ST,On ELDER ST at its intersection with MAIN ST,4,SD
43.30268594,-96.57923423,3RD ST,LAWLER ST,On 3RD ST at its intersection with LAWLER ST,4,SD
43.30446825,-96.59397654,CEDAR ST,1ST ST,On CEDAR ST at its intersection with 1ST ST,4,SD
43.30536143,-96.59275465,MAIN ST,MAPLE ST,On MAIN ST at its intersection with MAPLE ST,4,SD
45.52347508,-102.46641343,1ST AVE W,CARR ST,On 1ST AVE W at its intersection with CARR ST,4,SD
42.98920694,-97.86823533,14TH AVE W,FIR ST,On 14TH AVE W at its intersection with FIR ST,4,SD
45.45410312,-98.09725314,3RD ST,9TH AVE,On 3RD ST at its intersection with 9TH AVE,4,SD
45.45128259,-98.1001751,2ND ST,6TH AVE,On 2ND ST at its intersection with 6TH AVE,4,SD
43.71054036,-98.01428108,2ND AVE E,MENTZER ST N,On 2ND AVE E at its intersection with MENTZER ST N,4,SD
43.14754343,-97.72029586,1ST ST,WASHINGTON ST,On 1ST ST at its intersection with WASHINGTON ST,4,SD
43.14862486,-97.71479519,5TH ST,JUNIPER ST,On 5TH ST at its intersection with JUNIPER ST,4,SD
43.65446176,-97.78277779,5TH ST,MAIN ST,On 5TH ST at its intersection with MAIN ST,4,SD
43.15972778,-98.54010584,4TH AVE,SCHOOL ST,On 4TH AVE at its intersection with SCHOOL ST,4,SD
42.99581272,-97.86265484,20TH AVE W,MAIN ST,On 20TH AVE W at its intersection with MAIN ST,4,SD
43.71055417,-98.01213948,2ND AVE E,GAMBLE ST N,On 2ND AVE E at its intersection with GAMBLE ST N,4,SD
43.22681517,-99.42627091,1ST ST,FELTON AVE,On 1ST ST at its intersection with FELTON AVE,4,SD
43.54543775,-97.98399002,3RD ST,ELM ST,On 3RD ST at its intersection with ELM ST,4,SD
43.14856374,-97.72029268,1ST ST,JUNIPER ST,On 1ST ST at its intersection with JUNIPER ST,4,SD
43.60214515,-97.61844668,1ST AVE,6TH ST,On 1ST AVE at its intersection with 6TH ST,4,SD
43.60211122,-97.61705865,1ST AVE,7TH ST,On 1ST AVE at its intersection with 7TH ST,4,SD
43.15719814,-98.5333592,9TH AVE,HIGH ST,On 9TH AVE at its intersection with HIGH ST,4,SD
44.49477769,-103.85716262,8TH ST,MICHIGAN ST E,On 8TH ST at its intersection with MICHIGAN ST E,4,SD
44.48983759,-103.86049657,5TH ST,ILLINOIS ST E,On 5TH ST at its intersection with ILLINOIS ST E,4,SD
44.34778595,-103.77609254,ADDIE ST,CC CURRAN ST,On ADDIE ST at its intersection with CC CURRAN ST,4,SD
44.48638152,-103.85327177,ELGIN ST,STATE ST,On ELGIN ST at its intersection with STATE ST,4,SD
44.48871982,-103.86019156,5TH ST,HUDSON ST,On 5TH ST at its intersection with HUDSON ST,4,SD
44.46360006,-103.63689431,ASH ST,GARFIELD ST,On ASH ST at its intersection with GARFIELD ST,4,SD
43.25044614,-98.69555252,MAIN ST,SIXTH ST,On MAIN ST at its intersection with SIXTH ST,4,SD
43.60314041,-97.61843249,2ND AVE,6TH ST,On 2ND AVE at its intersection with 6TH ST,4,SD
43.39472286,-97.9859343,1ST ST,MAIN ST,On 1ST ST at its intersection with MAIN ST,4,SD
42.52297092,-96.49187041,CAMPBELL ST,MARIE AVE,On CAMPBELL ST at its intersection with MARIE AVE,4,SD
42.52298395,-96.49067617,MERRILL AVE,CAMPBELL ST,On MERRILL AVE at its intersection with CAMPBELL ST,4,SD
43.38720396,-98.84054789,4TH ST,OHIO AVE,On 4TH ST at its intersection with OHIO AVE,4,SD
45.33520402,-97.52444255,10TH AVE W,3RD ST W,On 10TH AVE W at its intersection with 3RD ST W,4,SD
45.33519716,-97.53016359,10TH AVE W,7TH ST WEST,On 10TH AVE W at its intersection with 7TH ST WEST,4,SD
45.48088079,-98.46598817,15TH AVE NE,VIEW LN N,On 15TH AVE NE at its intersection with VIEW LN N,4,SD
44.65238068,-103.84518554,10TH AVE,11TH AVE,On 10TH AVE at its intersection with 11TH AVE,4,SD
43.72938935,-97.5914128,SEVENTH ST,WILCOX ST,On SEVENTH ST at its intersection with WILCOX ST,4,SD
43.72239674,-97.38732623,LIGHTNER AVE,MAIN ST,On LIGHTNER AVE at its intersection with MAIN ST,4,SD
43.6988416,-97.18667087,CHURCH ST,KLUCKHOLM ST,On CHURCH ST at its intersection with KLUCKHOLM ST,4,SD
43.72535279,-97.3873338,MAIN ST,NORTON AVE,On MAIN ST at its intersection with NORTON AVE,4,SD
43.72754027,-97.38737895,ESSEX AVE,MAIN ST,On ESSEX AVE at its intersection with MAIN ST,4,SD
43.72645053,-97.38735651,MAIN ST,VERMONT AVE,On MAIN ST at its intersection with VERMONT AVE,4,SD
44.65834165,-103.84429337,11TH AVE,STANLEY ST,On 11TH AVE at its intersection with STANLEY ST,4,SD
44.67810428,-103.84788638,9TH AVE,BUTTE ST,On 9TH AVE at its intersection with BUTTE ST,4,SD
43.72076497,-98.02284329,12TH AVE E,KIMBALL ST N,On 12TH AVE E at its intersection with KIMBALL ST N,4,SD
43.00494088,-98.05734516,1ST AVE,PINE ST,On 1ST AVE at its intersection with PINE ST,4,SD
44.66576607,-103.84359413,11TH AVE,KINGSBURY ST,On 11TH AVE at its intersection with KINGSBURY ST,4,SD
43.07988422,-98.29349992,MAIN AVE S,SECOND ST SE,On MAIN AVE S at its intersection with SECOND ST SE,4,SD
43.23774899,-99.43081925,11TH ST,MAIN ST,On 11TH ST at its intersection with MAIN ST,4,SD
43.23225768,-99.42628353,6TH ST,FELTON AVE,On 6TH ST at its intersection with FELTON AVE,4,SD
43.23226647,-99.42321443,6TH ST,LOGAN AVE,On 6TH ST at its intersection with LOGAN AVE,4,SD
43.42266976,-98.40403049,FIFTH ST E,SIMPSON AVE S,On FIFTH ST E at its intersection with SIMPSON AVE S,4,SD
43.42371915,-98.40403017,MAIN ST E,SIMPSON AVE N,On MAIN ST E at its intersection with SIMPSON AVE N,4,SD
43.42371294,-98.40264454,MAIN ST E,PARK AVE N,On MAIN ST E at its intersection with PARK AVE N,4,SD
43.42266665,-98.40265645,FIFTH ST E,PARK AVE S,On FIFTH ST E at its intersection with PARK AVE S,4,SD
43.31990605,-98.34933357,MATHEWS AVE,3RD ST,On MATHEWS AVE at its intersection with 3RD ST,4,SD
43.31989703,-98.34795853,DOBSON AVE,3RD ST,On DOBSON AVE at its intersection with 3RD ST,4,SD
43.60317355,-97.62397916,2ND AVE,MAIN ST,On 2ND AVE at its intersection with MAIN ST,4,SD
43.60316706,-97.62257387,2ND AVE,3RD ST,On 2ND AVE at its intersection with 3RD ST,4,SD
43.55072625,-97.50228484,MAIN AVE,3RD ST,On MAIN AVE at its intersection with 3RD ST,4,SD
43.73602086,-98.04308187,COUNTRY DR,THUNDERBIRD DR,On COUNTRY DR at its intersection with THUNDERBIRD DR,4,SD
45.45228859,-98.09872716,7TH AVE,MAIN ST,On 7TH AVE at its intersection with MAIN ST,4,SD
45.45229598,-98.09726594,3RD ST,7TH AVE,On 3RD ST at its intersection with 7TH AVE,4,SD
43.5571879,-97.98557965,264 ST,411 AVE,On 264 ST at its intersection with 411 AVE,4,SD
43.32290687,-98.34793371,DOBSON AVE,6TH ST,On DOBSON AVE at its intersection with 6TH ST,4,SD
43.32088685,-98.34794565,DOBSON AVE,4TH ST,On DOBSON AVE at its intersection with 4TH ST,4,SD
43.31786175,-98.34655975,1ST ST,MAIN AVE,On 1ST ST at its intersection with MAIN AVE,4,SD
43.42132229,-97.25647122,MAIN AVE,SECOND ST,On MAIN AVE at its intersection with SECOND ST,4,SD
42.52639447,-96.48652779,MAIN ST,WALLACE AVE,On MAIN ST at its intersection with WALLACE AVE,4,SD
42.52640195,-96.48525311,LLOYD AVE,MAIN ST,On LLOYD AVE at its intersection with MAIN ST,4,SD
43.15626635,-98.54155816,3RD AVE,MAIN ST,On 3RD AVE at its intersection with MAIN ST,4,SD
43.15514974,-98.53745819,6TH AVE,LAKE ST,On 6TH AVE at its intersection with LAKE ST,4,SD
43.25146173,-98.6997646,FIFTH ST,WISCONSIN AVE,On FIFTH ST at its intersection with WISCONSIN AVE,4,SD
43.25145113,-98.69840018,FIFTH ST,MICHIGAN AVE,On FIFTH ST at its intersection with MICHIGAN AVE,4,SD
43.15968355,-98.5360065,7TH AVE,SCHOOL ST,On 7TH AVE at its intersection with SCHOOL ST,4,SD
43.15971115,-98.5387305,5TH AVE,SCHOOL ST,On 5TH AVE at its intersection with SCHOOL ST,4,SD
45.44927837,-98.10157797,1ST ST,4TH AVE,On 1ST ST at its intersection with 4TH AVE,4,SD
45.45033869,-98.09324527,5TH AVE,6TH ST,On 5TH AVE at its intersection with 6TH ST,4,SD
42.49817103,-96.50312732,FAWN HOLLOW LN,OXBOW TRL,On FAWN HOLLOW LN at its intersection with OXBOW TRL,4,SD
44.6644112,-103.84727067,LAWRENCE ST,9TH AVE,On LAWRENCE ST at its intersection with 9TH AVE,4,SD
45.79335841,-97.75350103,6TH ST,9TH AVE,On 6TH ST at its intersection with 9TH AVE,4,SD
45.7944165,-97.75347439,5TH ST,9TH AVE,On 5TH ST at its intersection with 9TH AVE,4,SD
43.22681252,-99.42320587,1ST ST,LOGAN AVE,On 1ST ST at its intersection with LOGAN AVE,4,SD
44.12683268,-103.06672017,MAIN ST,CONSTITUTION AVE,On MAIN ST at its intersection with CONSTITUTION AVE,4,SD
